song,artist,year,meter,cluster15
IDon'tmind,JamesBrown,1961,6/8,14
You'vegotaFriend,RobertaFlackandDonnyHathaway,1971,4/4,11
TheRose,BetteMidler,1980,4/4,7
AnInnocentMan,BillyJoel,1984,4/4,13
Lookin'forLove,JohnnyLee,1980,4/4,10
LastChild,Aerosmith,1976,4/4,3
SheBop,CyndiLauper,1984,4/4,5
KissOnMyList,Hall&Oates,1981,4/4,5
Here'sSomeLove,TanyaTucker,1976,4/4,13
JustCan'tWait,TheJ.GeilsBand,1980,4/4,7
NeverMyLove,The5thDimension,1971,4/4,12
AndSheWas,TalkingHeads,1985,4/4,3
Chicago,GrahamNash,1971,4/4,5
SwingTalkin'Guy,Chiffons,1966,4/4,4
Rock'n'RollFantasy,BadCompany,1979,4/4,5
TheJoker,SteveMillerBand,1973,4/4,10
IndianaWantsMe,RDeanTayloy,1970,4/4,13
CrazyOnYou,Heart,1978,4/4,5
YvonneElliman,IfICan'tHaveYou,1978,4/4,12
JimiHendrix,Freedom,1971,4/4,3
FoggyMountainBreakdown,Flatt&Scruggs,1968,4/4,14
It'sOnlyRockandRoll(ButILikeIt),RollingStones,1974,4/4,3
ThePower,Snap,1990,4/4,7
AbsolutelyRight,FiveManElectricalBand,1971,4/4,9
TwoHearts,PhilCollins,1989,4/4,2
SomeLikeItHot,ThePowerStation,1985,4/4,5
I'llTakeYouThere,TheStapleSingers,1972,4/4,13
People,BarbaraStreisand,1964,4/4,11
LoveMeDo,Beatles,1964,4/4,3
Carrie,CliffRichard,1980,4/4,5
OverTheHillsandFarAway,LedZeppelin,1973,4/4,8
LastKiss,J.FrankWilson&TheCavaliers,1964,4/4,6
SmokingGun,TheRobertCrayBand,1987,4/4,3
ILoveYouSo,BobbiMartin,1965,4/4,11
IsThatAllThereIs,PeggyLee,1969,3/4,4
IPutASpellOnYou,CreedenceClearwaterRevival,1968,12/8,13
HurtsToBeInLove,GinoVanelli,1985,4/4,5
CrySoftlyLonelyOne,RoyOrbison,1967,4/4,9
DoYouLoveMe,TheContours,1988,4/4,13
BongoStomp,LittleJoey&TheFlips,1962,4/4,6
BlackCars,GinoVannelli,1985,4/4,3
HotFunInTheSummertime,Sly&TheFamilyStone,1969,4/4,7
ParadisebytheDashboardLight,Meatloaf,1978,4/4,6
GetTogether,TheYoungbloods,1969,4/4,5
NowhereToRun,MarthaReeves&TheVandellas,1965,4/4,12
Drivin'Wheel,Foghat,1977,4/4,12
Reminiscing,LittleRiverBand,1978,4/4,11
DialMyHeart,TheBoys,1988,4/4,7
ColdSweat-Part1,JamesBrown,1967,4/4,5
YouCanCallMeAl,PaulSimon,1986,4/4,7
RedRedWine,UB40,1984,4/4,13
IJustCan'tStopLovingYou,MichaelJackson,1987,4/4,7
SpaceOddity,DavidBowie,1973,4/4,1
BuyForMeTheRain,NittyGrittyDirtBand,1967,4/4,5
FireAndIce,PatBenetar,1981,4/4,5
True,SpandauBallet,1983,4/4,1
ShocktheMonkey,PeterGabriel,1982,4/4,5
WildHorses,RollingStones,1971,4/4,10
MotownPhilly,BoyzIIMen,1991,4/4,13
ATrickOfTheNight,Bananarama,1987,4/4,8
MaggieMay,RodStewart,1971,4/4,2
ALessoninLeavin,DottieWest,1980,4/4,14
ForTheGoodTimes,RayPrice,1970,4/4,9
WeTwo,LittleRiverBand,1983,4/4,10
TheSpiritofRadio,Rush,1980,4/4,7
If,Bread,1971,4/4,4
SweetHomeAlabama,LynyrdSkynyrd,1974,4/4,10
Mabelleamie,Theteeset,1970,4/4,0
EightMilesHigh,TheByrds,1966,4/4,5
LetterFullofTears,GladysKnight&ThePips,1962,4/4,6
SunshineofYourLove,Cream,1968,4/4,12
SweetLittleRockN'Roll,ChuckBerry,1958,4/4,10
LetItRain,EricClapton,1972,4/4,12
StandByMe,"DavidRuffin,JimmyRuffin",1970,4/4,6
BeMyBaby,TheRonettes,1963,4/4,11
HaveYouEverLovedSomebody,FreddieJackson,1987,4/4,7
SilentNight,BingCrosby,1960,3/4,4
Promises,EricClapton,1978,4/4,4
WillieNelson,BlueEyesCryin',1975,4/4,4
StoptheWedding,EttaJames,1962,12/8,13
Brandy,LookingGlass,1972,4/4,12
TumblingDice,TheRollingStones,1972,4/4,7
Iwouldn'tHaveMisseditForTheWorld,RonnieMilsap,1981,4/4,11
DetroitCity,BobbyBare,1963,4/4,4
IHadTooMuchToDream,ElectricPrunes,1967,4/4,3
TheWayYouDoTheThingsYouDo,UB40,1990,4/4,10
LaGrange,ZZTop,1974,4/4,3
RunaroundSue,Dion,1961,4/4,6
Wheels,TheString-A-Longs,1961,4/4,7
SpiritsInTheMaterialWorld,ThePolice,1982,4/4,5
JustWhenINeededYouMost,RandyVanwarmer,1979,4/4,4
What'sLoveGotToDoWithIt,TinaTurner,1984,4/4,5
WalkRightBack,TheEverlyBrothers,1961,4/4,7
LonelyEyes,RobertJohn,1980,4/4,10
ForeverMan,EricClapton,1985,4/4,5
SleepWalk,Santo&Johnny,1959,6/8,6
SomethingAboutYou,Level42,1986,4/4,5
LittleSister,ElvisPresley,1961,4/4,4
Ifyouneedme,SolomonBurke,1963,4/4,4
SweetNothin's,BrendaLee,1960,4/4,10
NoCharge,MelbaMontgomery,1974,3/4,4
TheAnimals,SanFranciscanNights,1967,4/4,3
DonGibson,SeaofHeartbreak,1961,4/4,6
GoldenEarring,TwilightZone,1983,4/4,13
I'veGotLoveOnMyMind,NathalieCole,1977,4/4,14
YouCan'tJudgeABookByTheCover,BoDiddley,1962,4/4,10
GordonLightfoot,Beautiful,1972,4/4,3
NakedEyes,AlwaysSomethingTheretoRemindMe,1983,4/4,1
Annie'sSong,JohnDenver,1974,3/4,11
Chiquitita,ABBA,1979,4/4,10
AlwaysonMyMind,PetShopBoys,1988,4/4,7
JustADream,JimmyClanton,1958,12/8,4
HelpIsOnTheWay,LittleRiverBand,1977,4/4,10
IWantYouToWantMe,CheapTrick,1979,4/4,12
NeverCanSayGoodbye,GloriaGaynor,1975,4/4,9
PeopleGotToBeFree,TheRascals,1968,4/4,4
Unforgettable,DinahWashington,1959,12/8,3
ShadowDancing,AndyGibb,1978,4/4,13
WillieAndTheHandJive,EricClapton,1974,4/4,4
Schoool'sout,AliceCooper,1972,4/4,3
LoveMeWarmAndTender,PaulAnka,1962,4/4,2
AlongComesAWoman,Chicago,1985,4/4,7
CouldIHaveThisDance,AnneMurray,1980,3/4,9
LoveTrain,TheO'Jays,1973,4/4,2
"WonderfulWorld,BeautifulPeople",JimmyCliff,1969,4/4,4
IWantToTakeYouHigher,Ike&TinaTurner,1970,4/4,3
Pressure,BillyJoel,1983,4/4,6
MaybeI'mAmazed,PaulMcCartney,1977,4/4,12
BackintheHighLifeAgain,SteveWinwood,1987,4/4,4
AnotherRainyDayinNewYorkCity,Chicago,1976,4/4,11
AlreadyGone,TheEagles,1974,4/4,10
She'sALady,TomJones,1971,4/4,2
It'sGonnaWorkOutFine,Ike&TinaTurner,1961,4/4,8
Comin'HomeBaby,MelTorme,1962,4/4,5
TheRightTime,RayCharles,1959,4/4,10
MagicMan,Heart,1976,4/4,5
Doyourthing,IsaacHayes,1972,4/4,3
Jessie'sGirl,RickSpringfield,1981,4/4,7
Fernando,Abba,1976,4/4,0
Ramblin'Rose,NatKingCole,1962,4/4,9
FeelLikeMakingLove,RobertaFlack,1974,4/4,0
ForOl'TimesSake,ElvisPresley,1973,4/4,9
WannaBeStartin'Somethin',MichaelJackson,1983,4/4,2
Galveston,GlenCampbell,1969,4/4,9
PromisesInTheDark,PatBenatar,1981,4/4,3
StillCruisin,TheBeachBoys,1989,4/4,14
HonkyTonkWomen,TheRollingStones,1969,4/4,9
"KnowingMe,KnowingYou",ABBA,1977,4/4,13
LifeIsACarnival,TheBand,1971,4/4,3
BackHomeAgain,JohnDenver,1974,4/4,13
"Tonight,Tonight,Tonight",Genesis,1987,4/4,5
YouDecoratedMyLife,KennyRogers,1980,4/4,10
SailOnSailor,TheBeachBoys,1975,4/4,5
JustTheWayYouAre,BillyJoel,1978,4/4,4
WhiteChristmas,BingCrosby,1962,4/4,4
BecauseILoveYou,StevieB,1991,4/4,11
"HaveYouSeenYourMother,Baby,StandingInTheShadow?",TheRollingStones,1966,4/4,4
ItAmazesMe,JohnDenver,1978,4/4,7
RhinestoneCowboy,GlenCampbell,1975,4/4,10
I'dLoveToChangeTheWorld,TenYearsAfter,1971,4/4,8
OldTimeRock&Roll,BobSeger,1979,4/4,13
HandyMan,JimmyJones,1960,4/4,6
ThemeFromElectricSurfboard,BrotherJackMcDuff,1969,4/4,8
LoveCameToMe,Dion,1962,4/4,6
SanctifyYourself,SimpleMinds,1986,4/4,3
Smokin'InTheBoysRoom,Brownsvillestation,1973,4/4,10
ShapeOfThingsToCome,MaxFrost&TheTroopers,1968,4/4,8
DontTreatMeBad,Firehouse,1991,4/4,7
BornToBeAlive,PatrickHernandez,1979,4/4,5
In-A-Gadda-Da-Vida,IronButterfly,1968,4/4,14
Dandelion,RollingStones,1967,4/4,14
(LastNight)IDidn'tGetToSleepAtAll,The5thDimension,1972,4/4,6
WorriedGuy,JohnnyTillotson,1964,4/4,6
TimeForMeToFly,REOSpeedwagon,1980,4/4,10
Money,PinkFloyd,1973,7/4,3
InMyRoom,TheBeachBoys,1963,4/4,0
AddictedtoLove,RobertPalmer,1986,4/4,12
Patches,ClarenceCarter,1970,4/4,10
WaitingOnAFriend,RollingStones,1982,4/4,6
ItTakesTwo,MarvinGaye&KimWeston,1967,4/4,5
There'stheGirl,Heart,1988,4/4,5
GottaServeSomebody,BobDylan,1979,4/4,10
TheseBootsAreMadeForWalkin',NancySinatra,1966,4/4,3
AsUsual,BrendaLee,1964,4/4,9
GuitarMan,ElvisPresley,1968,4/4,4
LongDarkRoad,TheHollies,1972,4/4,4
EveryLittleThingSheDoesIsMagic,ThePolice,1981,4/4,13
Mr.Bojangles,JerryJeffWalker,1968,3/4,11
Lyin'Eyes,Eagles,1975,4/4,9
That'stheWayIFeelAboutCha,BobbyWomack,1971,4/4,9
HereIGoAgain,Whitesnake,1987,4/4,10
DoYouWantToKnowASecret,TheBeatles,1964,4/4,9
BreakItToMeGently,JuiceNewton,1982,12/8,10
TheHumptyDance,DigitalUnderground,1990,4/4,3
InTheNavy,VillagePeople,1979,4/4,9
Cruisin',SmokeyRobinson,1980,4/4,2
YouCan'tRollerSkateInABuffaloHerd,RogerMiller,1966,4/4,9
AllThroughTheNight,CyndiLauper,1984,4/4,14
TheOtherGuy,LittleRiverBand,1983,4/4,10
DaydreamBeliever,AnneMurray,1980,4/4,0
IGotYou(IFeelGood),JamesBrown,1965,4/4,10
ComeAndGetYourLove,Redbone,1974,4/4,0
DreamPolice,CheapTrick,1979,4/4,10
IWantYou,MarvinGaye,1976,4/4,13
FloyJoy,TheSupremes,1972,4/4,14
BirdDog,TheEverlyBrothers,1958,4/4,4
WhenWillIBeLoved,LindaRonstadt,1975,4/4,13
LetMeGetToKnowYou,PaulAnka,1974,4/4,13
MyBoy,ElvisPresley,1975,4/4,11
WhereDoYouWannaGo,TheFifthDimension,1967,4/4,3
JungleBoogie,KoolandtheGang,1974,4/4,3
SomebodysWatchingMe,Rockwell,1984,4/4,5
YourLoveHasLiftedMeHigher,RitaCoolidge,1977,4/4,2
ThroughTheYears,KennyRogers,1981,4/4,11
DeeperShadeOfSoul,UrbanDanceSquad,1991,4/4,10
Easy,TheCommodores,1977,4/4,12
IfIWereYourWoman,GladysNight&ThePips,1971,4/4,3
DooDooDooDooDoo,TheRollingStones,1974,4/4,3
LivingItDown,FreddyFender,1976,4/4,9
Sunflower,GlenCampbell,1977,4/4,4
TheBest,TinaTurner,1989,4/4,6
RollOnDownTheHighway,Bachman-TurnerOverdrive,1975,4/4,5
GoodVibrations,MarkyMark&TheFunkyBunch,1991,4/4,2
ICan'tDrive55,SammyHagar,1984,4/4,8
PhiladelphiaFreedom,EltonJohn,1975,4/4,4
"IRise,IFall",JohnnyTillotson,1964,4/4,6
DumDum,BrendaLee,1961,4/4,4
Superman,DonnaFargo,1973,4/4,10
JustLikeHeaven,TheCure,1988,4/4,7
ThisSong,GeorgeHarrison,1977,4/4,11
EvilWays,Santana,1970,4/4,4
Feelin'StrongerEveryDay,Chicago,1973,4/4,12
UndercoverAngel,AlanO'Day,1977,4/4,4
KindOfADrag,TheBuckinghams,1967,4/4,9
KissesOnTheWind,NenehCherry,1989,4/4,5
LosingYou,BrendaLee,1963,12/8,0
ScarletFever,KennyRogers,1983,4/4,13
ICan'tStandTheRain,AnnPeebles,1973,4/4,9
BestThingThatEverHappenedToMe,GladysKnight&ThePips,1974,4/4,0
HocusPocus,Focus,1973,4/4,9
WhereTheStreetsHaveNoNames,PetShopBoys,1991,4/4,5
SunshineSuperman,Donovan,1966,4/4,10
Ifyoulovesomebodysetthemfree,Sting,1985,4/4,3
HoldOn,WilsonPhillips,1990,4/4,7
IReallyDon'tWantToKnow,ElvisPresley,1970,3/4,6
TimeIsOnMySide,RollingStones,1964,12/8,9
Tenderness,GeneralPublic,1984,4/4,10
YoungHeartsRunFree,CandiStaton,1976,4/4,4
It'sYourThing,TheIsleyBrothers,1969,4/4,3
Misunderstanding,Genesis,1980,4/4,2
HereComeThoseTearsAgain,JacksonBrowne,1977,4/4,6
Fever,PeggyLee,1958,4/4,7
KozmicBlues,JanisJoplin,1969,6/8,4
OneNight,ElvisPresley,1959,12/8,4
WomanToWoman,ShirleyBrown,1975,4/4,14
TheGoonies`RGoodEnough,CyndiLauper,1985,4/4,6
INeverLovedAMan,ArethaFranklin,1967,3/4,4
He'sARebel,TheCrystals,1962,4/4,1
Amie,PurePrairieLeague,1975,4/4,12
Jimmy'sGirl,JohnnyTillotson,1961,4/4,2
SundayMorningSunshine,HarryChapin,1972,4/4,12
Someone,TheRembrandts,1991,4/4,10
GoldenYears,DavidBowie,1976,4/4,5
"(You'reSoSquare)Baby,IDon'tCare",JoniMitchell,1982,4/4,4
ChainOfFools,ArethaFranklin,1967,4/4,3
BlowAway,GeorgeHarrison,1979,4/4,14
PinballWizard,TheWho,1969,4/4,2
SeeSeeRider,LaVernBaker,1963,4/4,10
ImGoinDown,BruceSpringsteen,1985,4/4,7
BluebirdsOverTheMountain,TheBeachBoys,1969,4/4,9
PutYourHandInTheHand,Ocean,1971,4/4,0
IWantaNewDrug,HueyLewis&TheNews,1984,4/4,12
OneBadApple,TheOsmonds,1971,4/4,9
IfICouldReachYou,The5thDimension,1972,4/4,3
WhereOrWhen,Dion,1960,4/4,6
RubyBaby,Dion,1963,4/4,10
WorldInMyEyes,DepecheMode,1990,4/4,3
BetterThings,TheKinks,1981,4/4,0
OldDays,Chicago,1975,4/4,2
Jump(forMyLove),ThePointerSisters,1984,4/4,5
GotItMade,CrosbyStillsandNash,1989,4/4,12
Don'tSayYouLoveMe,BillySquier,1989,4/4,3
WalkOnTheWildSide(Part1),JimmySmith,1962,12/8,4
WithaLittleLuck,PaulMcCartney,1978,4/4,3
NotFadeAway,RollingStones,1964,4/4,3
OnBroadway,TheDrifters,1963,4/4,3
SeasonsOfTheHeart,JohnDenver,1982,4/4,13
FleshForFantasy,BillyIdol,1984,4/4,12
GiveToLive,SammyHagar,1987,4/4,6
LittleBitO'Soul,TheMusicExplosion,1967,4/4,13
Ain'tTooProudToBeg,TheTemptations,1966,4/4,3
InYourSoul,CoreyHart,1988,4/4,10
SweetMusicMan,KennyRogers,1978,4/4,9
ComeTogether,TheBeatles,1969,4/4,7
SilverThreadsAndGoldenNeedles,TheCowsills,1969,4/4,4
IAdoreMiAmor,ColorMeBadd,1991,4/4,8
Carrie-Anne,TheHollies,1967,4/4,4
OneLastKiss,J.GeilsBand,1978,4/4,8
Wendy,TheBeachBoys,1964,4/4,11
GiveItToMeBaby,RickJames,1981,4/4,5
"Baby,BabyDon'tCry",TheMiracles,1969,4/4,12
I'mInLove,"Evelyn""Champagne""King",1981,4/4,9
RightPlaceWrongTime,Dr.John,1973,4/4,3
HeartinHand,BrendaLee,1962,4/4,0
RichGirl,HallandOates,1977,4/4,11
MyThang,JamesBrown,1974,4/4,8
Don'tstandsoclosetome,Police,1981,4/4,3
IDon'tNeedYou,KennyRogers,1981,4/4,9
CityInTheSky,TheStapleSingers,1974,4/4,10
TheBattleOfNewOrleans,JohnnyHorton,1959,4/4,13
LastDance,DonnaSummer,1978,4/4,11
I'veBeenLovingYouTooLong(ToStopNow),OtisRedding,1965,6/8,1
AftertheLovin',EngelbertHumperdinck,1977,6/8,11
Still,Commodores,1980,4/4,13
HowBlueCanYouGet,B.B.King,1964,4/4,4
OhMyAngel,BerthaTillman,1962,6/8,2
GoingToAGo-Go,TheRollingStones,1982,4/4,3
FoolThatIAm,EttaJames,1961,4/4,9
ThoseLazy-Hazy-CrazyDaysOfSummer,NatKingCole,1963,4/4,11
YearsAgo,GeorgeHarrison,1981,4/4,0
Suite:JudyBlueEyes,"Crosby,Stills&Nash",1969,4/4,10
PrivateDancer,TinaTurner,1985,4/4,14
TrampledUnderFoot,LedZeppelin,1975,4/4,8
LoveComesQuickly,PetShopBoys,1986,4/4,5
CrystalBluePersuasion,TommyJames,1969,4/4,2
ThisHouse,TracieSpencer,1990,4/4,5
RunningUpThatHill,KateBush,1985,4/4,5
BabyYou'reRight,JamesBrown,1961,4/4,13
StopThisGame,CheapTrick,1980,4/4,13
WithYouI'mBornAgain,BillyPreston,1979,3/4,9
WakeMeUpBeforeYouGo-Go,Wham!,1984,4/4,2
IfICanDream,ElvisPresley,1968,12/8,6
RedneckFriend,JacksonBrowne,1973,4/4,6
DiscoInferno,TheTrammps,1977,4/4,13
AlmostbyBeingInLove,MichaelJohnson,1978,4/4,5
DoubleShot(OfMyBaby'sLove),Swingin'Medallions,1966,4/4,6
ShakeYourGrooveThing,PeachesandHerb,1978,4/4,2
Maniac,MichaelSembello,1983,4/4,5
WalkRightIn,TheMoments,1963,4/4,0
Surrender,CheapTrick,1978,4/4,3
BabyI'mBurnin',DollyParton,1979,4/4,3
Cecilia,Simon&Garfunkel,1970,4/4,10
Boulevard,JacksonBrowne,1980,4/4,10
Judy,ElvisPresley,1967,4/4,9
TheLook,Roxette,1989,4/4,5
DanceAway,Roxy,1979,4/4,6
SixDaysOnTheRoad,DaveDudley,1963,4/4,7
QuarterToThree,GaryU.S.Bonds,1961,4/4,6
"TarzanBoy(From""TeenageMutantNinjaTurtlesIII"")",Baltimora,1986,4/4,6
"OhMe,OhMy(DreamsInMyArms)",AlGreen,1975,4/4,3
Let'sworkTogether,CannedHeat,1970,4/4,10
GivingYoutheBestThatIGot,AnitaBaker,1989,4/4,7
HeartFullofSoul,TheYardbirds,1965,4/4,10
IFoundALove,TheFalcons,1962,12/8,3
IDon'tBlameYouAtAll,TheMiracles,1971,4/4,10
Amor,BenE.King,1961,4/4,9
TooWeakToFight,ClarenceCarter,1968,4/4,10
UnchainedMelody,TheRighteousBrothers,1965,12/8,6
WeAreTheChampions,Queen,1978,4/4,6
SouthernCross,"Crosby,Stills&Nash",1982,4/4,12
Talktome,ChicoDeBarge,1987,4/4,14
TheLongRun,Eagles,1980,4/4,3
Allshewantsis,DuranDuran,1989,4/4,3
Situation,Yaz,1982,4/4,5
WishSomeoneWouldCare,IrmaThomas,1964,4/4,6
HeyStoopid,AliceCooper,1991,4/4,5
ICanHelp,BillySwan,1974,12/8,12
TheThrillIsGone,B.B.King,1970,4/4,4
ILove,TomDHall,1973,4/4,4
EverlastingLove,CarlCarlton,1974,4/4,11
HardenMyHeart,Quarterflash,1982,4/4,5
RocketRide,Kiss,1978,4/4,2
Iwanttotakeyouhigher,SlyAndTheFamilyStone,1969,4/4,7
HotChildintheCity,NickGilder,1978,4/4,13
Simon&Garfunkel,Mrs.Robinson,1968,4/4,14
HisLatestFlame,ElvisPresley,1961,4/4,6
EverybodyLovesSomebody,DeanMartin,1964,4/4,0
IfICouldBuildMyWholeWorldAroundYou,MarvinGaye&TammyTerrell,1967,4/4,3
TwistingtheNightAway,RodStewart,1987,4/4,6
GhostbustersTheme,RayParkerJr,1984,4/4,12
It'sOnlyMakeBelieve,GlenCampbell,1970,4/4,1
HigherGround,StevieWonder,1973,12/8,8
NickofTime,BonnieRaitt,1990,4/4,11
BeatIt,MichaelJackson,1983,4/4,5
IfYoureallyloveme,StevieWonder,1971,4/4,11
Maneater,DarylHall&JohnOates,1983,4/4,5
BrassMonkey,BeastieBoys,1987,4/4,3
LittleOldLadyFromPasadena,Jan&Dean,1964,4/4,4
HumanNature,MichaelJackson,1983,4/4,9
OutOfMyMind,JohnnyTillotson,1963,4/4,13
Think,JamesBrown,1973,4/4,4
ThePeopleInMe,TheMusicMachine,1967,4/4,13
(Sittin'On)TheDockOfTheBay,OtisRedding,1968,4/4,14
CaughtUpInTheRapture,AnitaBaker,1987,4/4,11
WhatHaveIDoneToDeserveThis?,PetShopBoys,1988,4/4,11
StonedLove,TheSupremes,1970,4/4,14
HelloDolly,LouisArmstrong,1964,4/4,0
It'sRainingMen,TheWeatherGirls,1983,4/4,13
TaintedLove,SoftCell,1982,4/4,3
Sunrise,EricCarmen,1976,4/4,11
YearsFromNow,Dr.Hook,1980,3/4,9
AskMe,ElvisPresley,1964,12/8,0
LookingForALove,TheJ.GeilsBand,1972,4/4,10
He'ssoshy,PointerSisters,1980,4/4,13
BigYellowTaxi,JoniMitchell,1975,4/4,3
SilentLucidity,Queensryche,1991,4/4,14
Heaven'sJustASinAway,TheKendalls,1977,4/4,9
BabyWorkout,JackieWilson,1963,4/4,10
SugarShack,TheFireballs,1963,4/4,3
WithALittleHelpFromMyFriends,JoeCocker,1968,4/4,12
Don'tKnockMyLove-Pt.1,WilsonPickett,1971,4/4,3
ChainedAndBound,OtisRedding,1964,4/4,4
WithOrWithoutYou,U2,1987,4/4,7
ThatGirl,StevieWonder,1982,4/4,9
NeedYouTonight,INXS,1988,4/4,4
OnTheRoadAgain,CannedHeat,1968,4/4,8
"TheAnaheim,Azusa&CucamongaSewingCircle,BookReviewAndTimingAssociation",Jan&Dean,1964,4/4,3
QueenOfHearts,JuiceNewton,1981,4/4,13
TellItLikeItIs,TheNevilleBrothers,1966,12/8,9
TooManyRivers,BrendaLee,1965,4/4,0
PeopleGetReady,JeffBeck,1985,4/4,0
Heartaches,Bachman-TurnerOverdrive,1979,4/4,8
DoesAnybodyReallyKnowWhatTimeItIs,Chicago,1970,4/4,4
WhiteWedding,BillyIdol,1983,4/4,12
BabyDon'tChangeYourMind,GladysKnight&ThePips,1977,4/4,10
LivingInThePast,JethroTull,1972,5/4,9
ThisShouldGoOnForever,RodBernard,1959,4/4,7
SaraSmile,DarylHall&JohnOates,1976,4/4,5
SomeDaysAreDiamonds(SomeDaysAreStone),JohnDenver,1981,4/4,0
Ko-KoJoe,JerryReed,1971,4/4,8
Lady(YouBringMeUp),Commodores,1981,4/4,5
RockyMountainHigh,JohnDenver,1972,4/4,2
WhereAreYou,DinahWashington,1962,4/4,11
MaybeTomorrow,Badfinger,1969,4/4,0
WouldItMakeAnyDifferenceToYou,EttaJames,1963,12/8,13
EightDaysAWeek,TheBeatles,1965,4/4,2
BreakingUpIsHardToDo,NeilSedaka,1976,4/4,0
PrettyInPink,PsychedelicFurs,1986,4/4,9
Lucille,KennyRogers,1977,3/4,9
IWill,DeanMartin,1965,4/4,7
Getaway,EarthWindandFire,1976,4/4,13
DoIDo,StevieWonder,1982,4/4,13
LivingDoll,CliffRichard,1959,4/4,9
LoveIsABattlefield,PatBenatar,1983,4/4,5
OneWayorAnother,Blondie,1979,4/4,14
ThatOldBlackMagic,LouisPrima&KeelySmith,1958,4/4,11
BabyCanIHoldYou,TracyChapman,1989,4/4,9
CryingTime,RayCharles,1965,4/4,9
DyerMaker,LedZepplin,1973,4/4,6
Levon,EltonJohn,1971,4/4,3
ComeMonday,JimmyBuffett,1974,4/4,13
WalkLikeAMan,GrandFunkRailroad,1973,4/4,12
TheNightChicagoDied,PaperLace,1974,4/4,2
Hair,TheCowsills,1969,4/4,5
Press,PaulMcCartney,1986,4/4,6
IWantToWalkYouHome,FatsDomino,1959,12/8,10
WalkingInMemphis,MarcCohn,1991,4/4,6
RescueMe,FontellaBass,1965,4/4,13
AVerySpecialLoveSong,CharlieRich,1974,4/4,11
SoulAndInspiration,TheRighteousBrothers,1966,4/4,13
TheWaysOfAWomanInLove,JohnnyCash,1958,4/4,4
LastDate,FloydCramer,1960,4/4,4
HeyBaby,BruceChannel,1962,4/4,0
EverybodyLovesMebutYou,BrendaLee,1962,12/8,5
HungryEyes,EricCarmen,1988,4/4,11
AlmostGrown,ChuckBerry,1959,4/4,10
MyWay,ElvisPresley,1978,4/4,3
CatchMyFall,BillyIdol,1985,4/4,7
"You'reTheFirst,TheLast,MyEverything",BarryWhite,1974,4/4,11
IDon'tLoveYouAnymore,TeddyPendergrass,1977,4/4,2
StraightFromTheHeart,TheAllmanBrothers,1981,4/4,9
ThemeFromTheDukesOfHazzard,WaylonJennings,1980,4/4,4
TrueColors,CyndiLauper,1986,4/4,13
September,"Earth,Wind&Fire",1979,4/4,4
We'reAllAlone,RitaCoolidge,1977,4/4,11
YouTookTheWordsRightOutOfMyMouth,MeatLoaf,1978,4/4,13
OnTheWingsOfANightingale,TheEverlyBrothers,1984,4/4,4
UnskinnyBop,Poison,1990,4/4,12
Let'sGetSerious,JermaineJackson,1980,4/4,8
SuperFreakPartOne,RickJames,1981,4/4,5
CaliforniaNights,LeslieGore,1967,4/4,11
BigIron,MartyRobbins,1960,4/4,14
BlueJean,DavidBowie,1984,4/4,12
MercyMercyMe(TheEcology),MarvinGaye,1971,4/4,0
JustLikeJesseJames,Cher,1989,4/4,7
ICriedATear,LaVernBaker,1959,12/8,4
LovelyDay,BillWithers,1978,4/4,6
50WaysToLeaveYourLover,PaulSimon,1976,4/4,4
JustAFriend,BizMarkie,1990,4/4,9
JourneyToTheCenterOfTheMind,TheAmboyDukes,1968,4/4,13
TryingToLiveMyLifeWithoutYou,BobSeger&TheSilverBulletBand,1981,4/4,4
SexyEyes,Dr.Hook,1980,4/4,0
GoodMorningStarshine,Oliver,1969,4/4,9
SweetLove,AnitaBaker,1986,4/4,13
Surfin'Safari,TheBeachBoys,1962,4/4,9
BornToBeWild,Steppenwolf,1968,4/4,8
GoodbyeYellowBrickRoad,EltonJohn,1973,4/4,6
IfICouldTurnBackTime,Cher,1989,4/4,9
BurningDownTheHouse,TalkingHeads,1983,4/4,8
IGotMyMindSetOnYou,GeorgeHarrison,1988,4/4,13
SweetSurrender,Bread,1972,4/4,13
"Liar,Liar",TheCastaways,1965,4/4,10
BadMoonRising,CreedenceClearwaterRevival,1969,4/4,10
ISawHerStandingThere,TheBeatles,1964,4/4,4
ILikeTheWay(TheKissingGame),Hi-Five,1991,4/4,9
GetUp(IFeelLikeBeingLikeA)SexMachine(Part1),JamesBrown,1970,4/4,3
MakeALittleMagic,NittyGrittyDirtBand,1980,4/4,13
You'veGotAnotherThingComin',JudasPriest,1982,4/4,8
Elvira,OakRidgeBoys,1981,4/4,4
Don'tTalkToStrangers,RickSpringfield,1982,4/4,3
SecretLove,FreddyFender,1975,4/4,2
SheThinksIStillCare,ElvisPresley,1977,4/4,4
WalkThisWay,Run-D.M.C.,1986,4/4,3
One,Metallica,1989,4/4,1
DanceHallDays,WangChung,1984,4/4,10
MeMyselfAndI,DeLaSoul,1989,4/4,7
DontYouKnowWhatTheNightCanDo,SteveWinwood,1988,4/4,5
Let'sGoGetStoned,RayCharles,1966,4/4,6
HappyJack,TheWho,1967,4/4,7
War,EdwinStarr,1970,4/4,3
OnAndOnAndOn,Abba,1981,4/4,3
ADreamGoesOnForever,ToddRundgren,1974,4/4,11
ICan'tStandIt,EricClapton,1981,4/4,7
IWishItWouldRain,TheTemptations,1968,4/4,10
CountryRoad,JamesTaylor,1971,4/4,12
HoneyHoney,ABBA,1974,4/4,4
TillTheEndOfTheDay,TheKinks,1966,4/4,5
TeachYourChildren,"Crosby,Stills&Nash",1970,4/4,4
GirlYouKnowItsTrue,MilliVanilli,1989,4/4,5
IfNotYou,Dr.Hook,1977,4/4,6
SweetCaroline(GoodTimesNeverSeemedSoGood),BobbyWomack,1972,4/4,4
ALoveSong,AnneMurray,1974,4/4,2
HotInTheCity,BillyIdol,1982,4/4,14
TheBestDiscoInTown,TheRitchieFamily,1976,4/4,6
Perfidia,TheVentures,1960,4/4,0
"OutOfSight,OutOfMind",LittleAnthony&TheImperials,1969,4/4,9
MonyMony,TommyJames,1968,4/4,4
DirtyWater,RockAndHyde,1987,4/4,10
TreatHerLikeALady,CorneliusBrothers&SisterRose,1971,4/4,8
EleanorRigby,RayCharles,1968,4/4,3
CryLikeABaby,TheBoxTops,1968,4/4,10
LikeARock,BobSeger,1986,4/4,3
IFoundATrueLove,WilsonPickett,1968,4/4,4
StartingOverAgain,DollyParton,1980,4/4,9
RidersOnTheStorm,TheDoors,1971,4/4,5
ISecondThatEmotion,TheMiracles,1968,4/4,10
Fakinit,Simon&Garfunkel,1967,4/4,11
TheTwist,ChubbyChecker,1962,4/4,10
AllIEverNeedIsYou,Sonny&Cher,1971,4/4,11
Feelin'Satisfied,Boston,1979,4/4,12
EyeInTheSky,TheAllanParsonsProject,1982,4/4,5
MissYou,TheRollingStones,1978,4/4,3
TakeAChanceOnMe,Abba,1978,4/4,6
TheStroke,BillySquier,1981,4/4,5
HelloHello,TheSopwithCamel,1967,4/4,4
SweetSoulMusic,ArthurConley,1967,4/4,10
Breezin',GeorgeBenson,1976,4/4,0
ComingOnStrong,BrendaLee,1966,4/4,6
Don'tAskMeWhy,BillyJoel,1980,4/4,11
ModernLove,DavidBowie,1983,4/4,3
LittleTooLate,PatBenatar,1983,4/4,13
Kokomo(FromTheCocktailSoundtrack),TheBeachBoys,1988,4/4,0
TheLookOfLove,IsaacHayes,1971,4/4,5
KarmaChameleon,CultureClub,1984,4/4,11
Venus,Bananarama,1986,4/4,4
HelloStranger,BarbaraLewis,1963,4/4,2
DancingMachine,TheJacksons,1974,4/4,8
YouMakeMeFeelLikeDancing,LeoSayer,1977,4/4,0
ShapesOfThings,TheYardbirds,1966,4/4,7
TheBitchIsBack,EltonJohn,1974,4/4,4
Nightshift,TheCommodores,1985,4/4,6
ThereGoesMyEverything,ElvisPresley,1971,3/4,4
Gloria,LauraBranigan,1982,4/4,4
Freeze-Frame,J.GeilsBand,1982,4/4,12
BabyComeBack,Player,1978,4/4,12
ThreeHeartsInATangle,RoyDrusky,1961,3/4,4
TheMillionaire,Dr.Hook,1975,4/4,9
IDroveAllNight,CyndiLauper,1989,4/4,10
AllThisTime,Sting,1991,4/4,4
TimeWillReveal,Debarge,1984,4/4,11
PlayThatFunkyMusic,WildCherry,1976,4/4,3
InTheMidnightHour,WilsonPickett,1965,4/4,10
TheArmsOfOrion,Prince&SheenaEaston,1989,6/8,4
HeyYou!GetOffMyMountain,TheDramatics,1973,4/4,7
SoulDanceNumber3,WilsonPickett,1967,4/4,4
BabyWhatYouWantMeToDo,JimmyReed,1960,4/4,4
Lucky,GregKihn,1985,4/4,5
WeDontNeedAnotherHero(Thunderdome),TinaTurner,1985,4/4,7
DownAndOutInNewYorkCity,JamesBrown,1973,4/4,10
Goin'Back,TheByrds,1967,4/4,13
SugarMagnolia,TheGreatfulDead,1973,4/4,4
TownWithout,GenePitney,1961,12/8,13
GirlImGonnaMissYou,MilliVanilli,1989,4/4,7
LayDownSally,EricClapton,1978,4/4,13
ItKeepsRightOnA-Hurtin',JohnnyTillotson,1962,4/4,4
OhMeOhMy(I'mAFoolForYouBaby),ArethaFranklin,1972,4/4,13
IsThereSomethingIShouldKnow,DuranDuran,1983,4/4,3
I'vePassedThisWayBefore,JimmyRuffin,1967,4/4,13
CountOnMe,JeffersonStarship,1978,4/4,9
Jamie,EddieHolland,1962,4/4,6
HookedOnAFeeling,B.J.Thomas,1968,4/4,4
MyKindaLover,BillySquier,1982,4/4,7
AnotherBrickInTheWall(PartII),PinkFloyd,1980,4/4,3
Heartbreaker,PatBenatar,1980,4/4,5
IWalkAlone,MartyRobbins,1968,12/8,4
MyWishCameTrue,ElvisPresley,1959,4/4,9
AfterTheLoveHasGone,"Earth,Wind&Fire",1979,4/4,1
Ain'tNoSunshine,BillWithers,1971,4/4,10
I'veBeenEverywhere,HankSnow,1962,6/8,4
BestOfMyLove,Eagles,1975,4/4,2
TuffEnuff,TheFabulousThunderbirds,1986,4/4,8
ThisLittleGirl,Dion,1963,4/4,6
SadEyes,RobertJohn,1979,4/4,3
MyHometown,BruceSpringsteen,1985,4/4,4
MustOfGotLost,TheJ.GeilsBand,1974,4/4,10
EveryTimeIThinkOfYou,TheBabys,1979,4/4,3
RockAndRollNeverForgets,BobSeger,1977,4/4,4
BeMyGuest,FatsDomino,1959,4/4,4
DevilWoman,CliffRichard,1976,4/4,5
CanWeStillBeFriends,ToddRundgren,1978,4/4,5
There'llNeverBe,Switch,1978,4/4,11
TakeMeDown,Alabama,1982,4/4,4
MakeMeSmile,Chicago,1970,4/4,12
Don'tLeaveMeThisWay,ThelmaHouston,1977,4/4,5
ThereButForFortune,JoanBaez,1965,4/4,11
WhoWillYouRunTo,Heart,1987,4/4,10
There'sNoOther(LikeMyBaby),TheCrystals,1961,12/8,6
Look-KaPyPy,TheMeters,1970,4/4,5
(Iwas)BornToCry,Dion,1962,4/4,4
RockThisTown,StrayCats,1982,4/4,7
WhatYouSeeIsWhatYouGet,TinaTurner,1987,4/4,13
BustAMove,YoungMC,1990,4/4,8
"Ob-La-Di,Ob-La-Da",TheBeatles',1976,4/4,4
Reelin'&Rockin',ChuckBerry,1972,4/4,4
LandOf1000Dances,ChrisKenner,1963,4/4,4
NeverKnewLoveLikeThisBefore,StephanieMills,1980,4/4,11
LonelyWeekends,CharlieRich,1960,4/4,3
WichitaLineman,GlenCampbell,1969,4/4,10
EbonyEyes,TheEverlyBrothers,1961,3/4,4
FunnyGirl,BarbraStreisand,1964,4/4,11
WillTheWolfSurvive,LosLobos,1985,4/4,10
AHazyShadeOfWinter,SimonAndGarfunel,1966,4/4,5
CarryMe,"DavidCrosby,GrahamNash",1975,4/4,7
TreatHerRight,RoyHead,1965,4/4,10
InvisibleTouch,Genesis,1986,4/4,6
OneLessBellToAnswer,The5thDimension,1971,4/4,3
MightyGoodLovin',TheMiracles,1961,4/4,4
LovingHerWasEasier,KrisKristofferson,1971,4/4,3
TornBetweenTwoLovers,MaryMacGregor,1976,4/4,0
AreYouSureHankDoneItThisWay,WaylonJennings,1975,4/4,3
OhFather,Madonna,1990,4/4,12
TalkBackTremblingLips,JohnnyTillotson,1963,4/4,9
HardDaysNight,TheBeatles,1964,4/4,4
ILoveARainyNight,EddieRabbitt,1981,4/4,13
TellMeWhatYouWantMeToDo,TevinCampbell,1991,4/4,7
"Abraham,MartinAndJohn",Dion,1968,4/4,10
ACowboy'sWorkIsNeverDone,Sonny&Cher,1972,4/4,7
IDontWantYourLove,DuranDuran,1989,4/4,12
GoingToChicagoBlues,CountBasie,1958,4/4,4
TheSoundsOfSilence,Simon&Garfunkel,1965,4/4,7
ThinkOfMe,BuckOwens,1966,4/4,13
RunningOnEmpty,JacksonBrowne,1978,4/4,10
IGotStripes,JohnnyCash,1959,4/4,7
Daddy'sHome,CliffRichard,1982,4/4,0
MyLove,PaulMcCartney&Wings,1973,4/4,11
TenPercent,DoubleExposure,1976,4/4,9
RebelYell,BillyIdol,1984,4/4,5
OdeToBillieJoe,BobbieGentry,1976,4/4,3
"RightHere,RightNow",JesusJones,1991,4/4,4
SummertimeBlues,BlueCheer,1968,4/4,1
NightMoves,BobSeger,1977,4/4,5
LiveToTell,Madonna,1986,4/4,5
HappyAnniversary,LittleRiverBand,1978,4/4,3
AgainstTheWind,BobSeger,1980,4/4,10
IWantYouBack,TheJacksons,1969,4/4,9
LuckyMan,"Emerson,Lake&Palmer",1971,4/4,7
Kicks,PaulRevere&TheRaiders,1966,4/4,1
MyWorldFellDown,Sagittarius,1967,4/4,10
ManInTheMirror,MichaelJackson,1988,4/4,10
OnlySixteen,Dr.Hook,1976,4/4,0
StandingInTheShadowsOfLove,FourTops,1967,4/4,4
She'sAWoman,TheBeatles,1964,4/4,10
TheYearThatClaytonDelaneyDied,TomT.Hall,1971,4/4,4
IWon'tStandInYourWay,StrayCats,1983,12/8,5
EchoesOfLove,TheDoobieBrothers,1977,4/4,13
ThreeTimesALady,TheCommodores,1978,3/4,14
IslandOfLostSouls,Blondie,1982,4/4,6
EvenNow,BobSeger,1983,4/4,13
LoversWhoWander,Dion,1962,4/4,6
YouDon'tOwnMe,LesleyGore,1964,4/4,6
BabyDon'tGo,Sonny&Cher,1965,4/4,3
IDon'tWantToSpoilTheParty,TheBeatles,1965,4/4,9
BehindClosedDoors,CharlieRich,1973,4/4,2
GetReady,RareEarth,1970,4/4,3
I'llTumble4Ya,CultureClub,1983,4/4,2
I'veGotATigerByTheTail,BuckOwens,1965,4/4,13
SaturdayNight,BayCityRollers,1975,4/4,6
HeavenMustHaveSentYou,BonniePointer,1979,4/4,14
Amanda,Boston,1986,4/4,4
WillYouLoveMeTomorrow,TheShirelles,1961,4/4,6
AliveAgain,Chicago,1978,4/4,4
Help!,TheBeatles,1965,4/4,1
PaperRoses,MarieOsmond,1973,4/4,0
HappyMan,GregKihnBand,1982,4/4,7
20-75,WillieMitchell,1964,4/4,9
That'sOldFashioned(That'sTheWayLoveShouldBe),TheEverlyBrothers,1962,4/4,9
Rock'nMe,SteveMillerBand,1976,4/4,3
AllAloneAmI,BrendaLee,1962,6/8,9
Abacab,Genesis,1982,4/4,5
Lovin'You,MinnieRiperton,1975,4/4,3
Lady,KennyRogers,1980,4/4,13
ElCondorPasa,Simon&Garfunkel,1970,4/4,3
IfIWereACarpenter,BobbyDarin,1966,4/4,12
"RockandRoll,HoochieKoo",RickDerringer,1974,4/4,8
Frankenstein,EdgarWinter,1973,4/4,4
WhoWearsTheseShoes,EltonJohn,1984,4/4,4
Lambada,Kaoma,1990,4/4,5
SidewalkSurfin',Jan&Dean,1964,4/4,8
WeDon'tTalkAnymore,CliffRichard,1979,4/4,14
BabyDontForgetMyNumber,MilliVanilli,1989,4/4,3
AmericanStorm,BobSeger,1986,4/4,2
LetTheMusicPlay,Shannon,1984,4/4,5
WhenIt'sLove,VanHalen,1988,4/4,8
CrackerboxPalace,GeorgeHarrison,1977,4/4,10
UpsideDown,DianaRoss,1980,4/4,8
Sukiyaki,ATasteOfHoney,1981,4/4,10
JohnnyReb,JohnnyHorton,1959,4/4,4
ThereSheGoes,TheLas,1991,4/4,7
HappyTogether,TheTurtles,1967,4/4,5
He'sSoFine,TheChiffons,1963,4/4,2
