"song","artist","year","c1","c2","c3","c4","c5","c6","c7","c8","c9","c10","c11","c12","c13","c14","c15"
"(Iwas)BornToCry","Dion",1962,1,1,3,2,5,4,7,1,2,3,1,4,8,11,3
"(LastNight)IDidn'tGetToSleepAtAll","The5thDimension",1972,1,1,2,3,4,2,3,5,7,4,7,3,4,3,6
"(Sittin'On)TheDockOfTheBay","OtisRedding",1968,1,2,2,1,2,3,4,3,6,8,8,9,7,8,4
"(You'reSoSquare)Baby,IDon'tCare","JoniMitchell",1982,1,2,3,2,5,4,7,1,4,9,1,5,8,13,3
"20-75","WillieMitchell",1964,1,1,1,4,3,5,6,8,9,6,3,7,12,12,9
"50WaysToLeaveYourLover","PaulSimon",1976,1,2,3,2,5,4,7,1,2,3,1,4,8,11,3
"Abacab","Genesis",1982,1,2,2,1,2,6,5,6,3,7,2,11,13,10,10
"Abraham,MartinAndJohn","Dion",1968,1,2,3,2,1,1,1,7,8,2,5,1,5,9,14
"AbsolutelyRight","FiveManElectricalBand",1971,1,1,1,4,3,5,6,8,9,6,3,7,12,12,9
"ACowboy'sWorkIsNeverDone","Sonny&Cher",1972,1,1,2,3,5,4,7,1,2,3,4,6,11,5,5
"AddictedtoLove","RobertPalmer",1986,1,2,3,2,1,1,2,2,4,5,6,12,10,7,7
"ADreamGoesOnForever","ToddRundgren",1974,1,1,1,4,3,5,6,8,5,1,9,2,6,14,12
"AfterTheLoveHasGone","Earth,Wind&Fire",1979,1,1,1,3,4,2,3,5,7,4,7,3,4,3,7
"AftertheLovin'","EngelbertHumperdinck",1977,1,1,1,4,3,5,6,8,5,1,9,2,6,4,13
"AgainstTheWind","BobSeger",1980,1,2,3,2,1,1,1,7,8,2,5,1,2,8,14
"AHazyShadeOfWinter","SimonAndGarfunel",1966,1,1,2,1,2,6,5,6,3,7,2,11,13,10,10
"Ain'tNoSunshine","BillWithers",1971,1,2,3,2,1,1,1,7,8,2,5,1,5,9,2
"Ain'tTooProudToBeg","TheTemptations",1966,1,2,3,2,1,1,2,2,4,9,11,5,3,13,1
"ALessoninLeavin","DottieWest",1980,1,1,2,3,4,2,3,5,7,4,7,3,2,8,6
"AliveAgain","Chicago",1978,1,1,2,3,5,4,7,1,2,3,10,8,11,7,14
"AllAloneAmI","BrendaLee",1962,1,1,1,4,3,5,6,8,9,6,3,7,12,12,9
"AllIEverNeedIsYou","Sonny&Cher",1971,1,1,1,4,3,5,6,8,5,1,9,2,6,14,12
"Allshewantsis","DuranDuran",1989,1,2,2,1,2,6,4,3,6,8,8,9,11,10,8
"AllThisTime","Sting",1991,1,1,3,2,5,4,7,1,2,3,1,4,8,11,3
"AllThroughTheNight","CyndiLauper",1984,1,1,1,4,3,5,6,8,9,6,3,7,12,12,9
"AlmostbyBeingInLove","MichaelJohnson",1978,1,2,2,1,2,6,5,6,3,7,2,11,13,1,10
"AlmostGrown","ChuckBerry",1959,1,2,3,2,1,1,1,7,8,2,5,1,5,9,2
"AlongComesAWoman","Chicago",1985,1,1,2,3,4,2,3,5,7,4,4,6,2,5,5
"ALoveSong","AnneMurray",1974,1,1,1,4,3,5,6,8,9,6,3,7,12,12,9
"AlreadyGone","TheEagles",1974,1,2,3,2,1,1,1,7,8,2,5,1,5,9,2
"AlwaysonMyMind","PetShopBoys",1988,1,2,2,3,4,2,1,4,1,10,4,6,11,5,14
"Amanda","Boston",1986,1,1,3,2,5,3,7,1,2,3,1,4,2,8,4
"AmericanStorm","BobSeger",1986,1,1,1,4,3,5,6,8,9,6,3,7,12,12,9
"Amie","PurePrairieLeague",1975,1,1,1,4,3,5,6,8,9,5,6,12,10,7,7
"Amor","BenE.King",1961,1,1,1,4,3,5,6,8,9,6,3,7,12,12,9
"AndSheWas","TalkingHeads",1985,1,2,3,2,1,1,2,2,4,9,6,5,3,13,7
"AnInnocentMan","BillyJoel",1984,1,1,2,3,4,2,3,4,1,10,10,8,9,2,14
"Annie'sSong","JohnDenver",1974,1,2,1,4,4,2,3,4,1,10,5,8,9,14,14
"AnotherBrickInTheWall(PartII)","PinkFloyd",1980,1,2,3,2,1,6,2,2,3,9,11,5,3,13,1
"AnotherRainyDayinNewYorkCity","Chicago",1976,1,1,2,1,3,3,4,3,5,8,9,6,11,14,12
"AreYouSureHankDoneItThisWay","WaylonJennings",1975,1,2,3,2,1,1,2,2,4,9,11,5,3,13,1
"AskMe","ElvisPresley",1964,1,1,1,4,3,5,6,8,5,1,9,2,6,4,13
"AsUsual","BrendaLee",1964,1,1,1,4,3,5,6,8,9,6,3,7,12,12,9
"ATrickOfTheNight","Bananarama",1987,1,2,2,1,2,6,5,6,3,7,2,10,1,1,15
"AVerySpecialLoveSong","CharlieRich",1974,1,2,3,2,1,3,4,3,6,8,8,9,7,6,4
"Baby,BabyDon'tCry","TheMiracles",1969,1,2,3,2,1,3,2,3,6,5,6,12,10,7,7
"BabyCanIHoldYou","TracyChapman",1989,1,1,1,4,3,5,6,8,9,6,3,7,12,12,9
"BabyComeBack","Player",1978,1,2,2,1,2,3,4,3,6,8,6,12,10,7,7
"BabyDon'tChangeYourMind","GladysKnight&ThePips",1977,1,2,3,2,1,1,1,7,8,2,5,1,5,9,2
"BabyDon'tGo","Sonny&Cher",1965,1,2,3,2,1,3,2,2,4,9,11,5,3,13,1
"BabyDontForgetMyNumber","MilliVanilli",1989,1,2,3,1,2,6,2,2,3,7,11,11,3,10,10
"BabyI'mBurnin'","DollyParton",1979,1,2,3,2,1,1,2,2,4,9,11,5,3,13,1
"BabyWhatYouWantMeToDo","JimmyReed",1960,1,1,3,2,5,4,7,1,2,3,1,4,8,11,3
"BabyWorkout","JackieWilson",1963,1,2,3,2,1,1,1,7,8,2,5,1,5,9,2
"BabyYou'reRight","JamesBrown",1961,1,1,2,3,5,4,7,1,2,3,10,8,11,2,14
"BackHomeAgain","JohnDenver",1974,1,1,2,3,4,2,3,4,1,10,10,8,9,2,11
"BackintheHighLifeAgain","SteveWinwood",1987,1,1,3,2,5,4,7,1,2,3,1,4,8,11,3
"BadMoonRising","CreedenceClearwaterRevival",1969,1,2,3,2,1,1,1,7,8,2,5,1,5,9,2
"BeatIt","MichaelJackson",1983,1,2,2,1,2,6,5,6,3,7,2,11,13,10,10
"BecauseILoveYou","StevieB",1991,1,1,2,3,5,4,7,4,1,10,10,8,9,14,12
"BehindClosedDoors","CharlieRich",1973,1,1,1,4,3,5,6,8,9,6,3,7,12,12,9
"BeMyBaby","TheRonettes",1963,1,1,1,4,3,5,6,8,5,1,9,2,6,14,12
"BeMyGuest","FatsDomino",1959,1,1,3,2,5,4,7,1,2,3,1,4,8,11,3
"BestOfMyLove","Eagles",1975,1,1,2,3,5,3,4,3,6,8,8,9,7,6,4
"BestThingThatEverHappenedToMe","GladysKnight&ThePips",1974,1,1,1,4,3,5,6,8,5,1,9,2,6,4,13
"BetterThings","TheKinks",1981,1,1,1,4,3,5,6,8,5,1,9,2,6,4,13
"BigIron","MartyRobbins",1960,1,2,3,2,1,1,2,2,4,4,7,3,3,14,1
"BigYellowTaxi","JoniMitchell",1975,1,2,3,2,1,1,2,2,4,9,11,5,3,13,1
"BirdDog","TheEverlyBrothers",1958,1,2,3,2,5,4,7,1,2,3,1,4,8,11,3
"BlackCars","GinoVannelli",1985,1,2,3,2,1,1,2,2,4,9,11,5,3,13,1
"BlowAway","GeorgeHarrison",1979,1,1,2,3,4,2,4,3,7,4,7,3,11,3,7
"BluebirdsOverTheMountain","TheBeachBoys",1969,1,1,1,4,3,5,6,8,9,6,3,7,12,12,9
"BlueJean","DavidBowie",1984,1,2,3,2,1,1,2,2,4,5,6,12,10,7,7
"BongoStomp","LittleJoey&TheFlips",1962,1,1,2,3,4,2,3,5,7,4,7,3,4,3,6
"BornToBeAlive","PatrickHernandez",1979,1,1,2,1,2,6,5,6,3,7,2,11,11,10,8
"BornToBeWild","Steppenwolf",1968,1,2,3,2,1,1,2,2,4,9,11,10,1,13,15
"Boulevard","JacksonBrowne",1980,1,2,3,2,1,1,1,7,8,2,5,1,5,9,2
"Brandy","LookingGlass",1972,1,2,3,2,1,1,1,7,4,5,6,12,10,7,7
"BrassMonkey","BeastieBoys",1987,1,2,2,1,2,6,4,3,6,8,8,9,11,10,8
"BreakingUpIsHardToDo","NeilSedaka",1976,1,1,1,4,3,5,6,8,5,1,9,2,6,4,13
"BreakItToMeGently","JuiceNewton",1982,1,2,3,2,1,3,1,7,8,2,5,1,5,9,2
"Breezin'","GeorgeBenson",1976,1,1,1,4,3,5,6,8,5,1,9,2,6,4,13
"BurningDownTheHouse","TalkingHeads",1983,1,2,2,1,2,1,2,2,4,9,11,10,1,13,15
"BustAMove","YoungMC",1990,1,2,3,2,1,1,2,2,4,9,11,10,1,13,15
"BuyForMeTheRain","NittyGrittyDirtBand",1967,1,1,2,1,2,6,5,6,3,7,2,11,13,10,10
"CaliforniaNights","LeslieGore",1967,1,1,1,4,3,5,6,8,5,1,9,2,6,14,12
"CanWeStillBeFriends","ToddRundgren",1978,1,2,2,1,2,6,5,6,3,7,2,11,13,10,8
"Carrie","CliffRichard",1980,1,2,2,1,2,6,5,6,3,7,2,11,13,10,10
"Carrie-Anne","TheHollies",1967,1,1,3,3,5,4,7,1,2,3,1,4,8,11,3
"CarryMe","DavidCrosby,GrahamNash",1975,1,2,3,2,1,1,1,7,8,2,4,6,5,5,5
"CatchMyFall","BillyIdol",1985,1,1,2,3,4,2,3,4,1,10,4,6,11,5,5
"CaughtUpInTheRapture","AnitaBaker",1987,1,1,1,4,3,5,6,8,5,1,9,2,6,14,12
"Cecilia","Simon&Garfunkel",1970,1,2,3,2,1,1,1,7,8,2,5,1,5,9,2
"ChainedAndBound","OtisRedding",1964,1,1,3,2,5,4,7,1,2,3,1,4,8,11,3
"ChainOfFools","ArethaFranklin",1967,1,2,2,1,2,6,4,3,6,8,8,9,11,10,8
"Chicago","GrahamNash",1971,1,1,2,1,2,6,5,6,3,7,2,11,13,10,8
"Chiquitita","ABBA",1979,1,2,3,2,1,1,1,7,8,2,5,1,5,9,2
"CityInTheSky","TheStapleSingers",1974,1,2,3,2,1,1,1,7,8,2,5,1,5,9,2
"ColdSweat-Part1","JamesBrown",1967,1,2,2,1,2,6,5,6,3,7,2,11,13,10,8
"ComeAndGetYourLove","Redbone",1974,1,1,1,4,3,5,6,8,5,1,9,2,6,4,13
"ComeMonday","JimmyBuffett",1974,1,1,2,3,4,2,3,4,1,10,10,8,2,8,14
"ComeTogether","TheBeatles",1969,1,2,3,2,1,1,1,7,8,2,4,6,5,5,5
"Comin'HomeBaby","MelTorme",1962,1,2,2,1,2,6,5,6,3,7,2,11,13,10,10
"ComingOnStrong","BrendaLee",1966,1,1,2,3,4,2,3,5,7,4,7,3,4,3,6
"CouldIHaveThisDance","AnneMurray",1980,1,1,1,4,3,5,6,4,9,6,3,7,12,12,9
"CountOnMe","JeffersonStarship",1978,1,1,1,4,3,5,6,8,5,6,9,2,6,4,13
"CountryRoad","JamesTaylor",1971,1,2,1,4,1,1,2,2,9,5,6,12,10,7,7
"CrackerboxPalace","GeorgeHarrison",1977,1,2,3,2,1,1,1,7,8,2,5,1,5,9,2
"CrazyOnYou","Heart",1978,1,1,2,1,2,6,5,6,3,7,2,11,13,1,11
"Cruisin'","SmokeyRobinson",1980,1,1,2,3,5,3,4,3,6,8,8,9,7,6,4
"CryingTime","RayCharles",1965,1,1,1,4,3,5,6,8,9,6,3,7,12,12,9
"CryLikeABaby","TheBoxTops",1968,1,2,3,2,1,1,1,7,8,2,5,1,5,9,2
"CrySoftlyLonelyOne","RoyOrbison",1967,1,1,1,4,3,5,6,8,9,6,3,7,12,12,9
"CrystalBluePersuasion","TommyJames",1969,1,2,3,2,1,3,4,3,6,8,8,9,7,6,4
"Daddy'sHome","CliffRichard",1982,1,1,1,4,3,5,6,8,5,1,9,2,6,4,13
"DanceAway","Roxy",1979,1,1,2,3,4,2,3,5,7,4,7,3,4,3,6
"DanceHallDays","WangChung",1984,1,2,3,2,1,1,1,7,8,2,5,1,5,9,2
"DancingMachine","TheJacksons",1974,1,2,3,2,1,1,2,2,4,9,11,10,1,13,15
"Dandelion","RollingStones",1967,1,2,2,1,2,3,4,3,6,8,8,9,7,6,4
"DaydreamBeliever","AnneMurray",1980,1,1,1,4,5,4,6,8,5,1,9,2,6,4,13
"DeeperShadeOfSoul","UrbanDanceSquad",1991,1,2,3,2,1,1,1,7,8,2,5,1,5,9,2
"DetroitCity","BobbyBare",1963,1,1,3,2,5,4,7,1,2,3,1,4,8,11,3
"DevilWoman","CliffRichard",1976,1,1,2,1,2,6,5,6,3,7,2,11,13,10,10
"DialMyHeart","TheBoys",1988,1,1,1,4,3,5,6,8,9,6,4,6,11,5,5
"DirtyWater","RockAndHyde",1987,1,2,3,2,1,1,1,7,8,2,5,1,5,9,2
"DiscoInferno","TheTrammps",1977,1,1,2,3,5,4,7,1,2,3,10,8,8,2,11
"DoesAnybodyReallyKnowWhatTimeItIs","Chicago",1970,1,2,3,2,2,6,2,2,3,3,11,11,8,10,1
"DoIDo","StevieWonder",1982,1,1,2,3,4,2,3,4,1,10,10,8,9,14,11
"Don'tAskMeWhy","BillyJoel",1980,1,1,1,4,3,5,6,8,9,1,3,7,12,14,12
"Don'tKnockMyLove-Pt.1","WilsonPickett",1971,1,2,3,1,2,6,2,2,4,9,11,5,3,10,8
"Don'tLeaveMeThisWay","ThelmaHouston",1977,1,2,2,1,2,6,5,6,3,7,2,11,13,10,10
"Don'tSayYouLoveMe","BillySquier",1989,1,2,3,2,1,1,2,2,4,9,6,5,3,13,7
"Don'tstandsoclosetome","Police",1981,1,2,2,1,2,6,4,3,6,8,8,9,11,10,8
"Don'tTalkToStrangers","RickSpringfield",1982,1,2,2,1,2,6,4,3,6,8,8,9,11,10,8
"DonGibson","SeaofHeartbreak",1961,1,1,2,3,4,2,3,5,7,4,7,3,4,3,6
"DontTreatMeBad","Firehouse",1991,1,1,1,3,4,2,3,4,1,10,4,8,9,14,14
"DontYouKnowWhatTheNightCanDo","SteveWinwood",1988,1,2,2,1,2,6,5,6,3,7,2,11,13,10,10
"DooDooDooDooDoo","TheRollingStones",1974,1,2,3,2,1,1,2,2,4,9,11,5,3,13,1
"DoubleShot(OfMyBaby'sLove)","Swingin'Medallions",1966,1,1,2,3,4,2,3,5,7,4,7,3,4,3,6
"DownAndOutInNewYorkCity","JamesBrown",1973,1,2,3,2,1,1,1,7,8,2,5,1,5,9,2
"DoYouLoveMe","TheContours",1988,1,1,2,3,4,2,3,4,1,10,10,8,9,2,11
"Doyourthing","IsaacHayes",1972,1,2,2,1,2,6,4,3,6,8,8,9,11,10,8
"DoYouWantToKnowASecret","TheBeatles",1964,1,1,1,4,4,2,3,4,1,10,10,8,9,12,9
"DreamPolice","CheapTrick",1979,1,2,3,2,1,1,1,7,8,2,6,1,5,9,7
"Drivin'Wheel","Foghat",1977,1,2,3,2,1,1,1,7,8,5,6,12,10,7,7
"DumDum","BrendaLee",1961,1,2,3,2,5,4,7,1,2,9,1,4,8,11,3
"DyerMaker","LedZepplin",1973,1,1,2,3,4,2,3,5,7,4,7,3,4,3,6
"Easy","TheCommodores",1977,1,2,3,2,1,1,2,2,4,5,6,12,10,7,7
"EbonyEyes","TheEverlyBrothers",1961,1,1,3,2,5,4,7,1,2,3,1,4,8,11,3
"EchoesOfLove","TheDoobieBrothers",1977,1,1,2,3,4,2,3,4,1,10,10,8,9,2,11
"EightDaysAWeek","TheBeatles",1965,1,2,3,2,1,3,4,3,6,8,8,9,3,6,14
"EightMilesHigh","TheByrds",1966,1,2,2,1,2,3,4,3,6,8,8,9,7,6,4
"ElCondorPasa","Simon&Garfunkel",1970,1,2,3,2,1,1,2,2,4,9,11,5,3,13,1
"EleanorRigby","RayCharles",1968,1,2,3,2,1,1,2,2,4,9,11,5,3,13,1
"Elvira","OakRidgeBoys",1981,1,1,3,2,5,4,7,1,2,3,1,4,8,11,3
"EvenNow","BobSeger",1983,1,1,2,3,5,3,7,4,1,10,10,8,7,6,4
"EverlastingLove","CarlCarlton",1974,1,2,1,1,2,3,4,3,6,8,8,9,7,14,4
"EverybodyLovesMebutYou","BrendaLee",1962,1,1,2,1,2,6,5,6,3,7,2,11,11,14,10
"EverybodyLovesSomebody","DeanMartin",1964,1,1,2,1,2,5,4,3,5,8,9,9,6,4,13
"EveryLittleThingSheDoesIsMagic","ThePolice",1981,1,1,2,3,4,2,3,4,1,10,10,8,9,2,11
"EveryTimeIThinkOfYou","TheBabys",1979,1,2,3,2,1,1,2,2,4,9,11,5,3,13,1
"EvilWays","Santana",1970,1,1,3,3,5,4,7,1,2,3,1,4,8,2,3
"EyeInTheSky","TheAllanParsonsProject",1982,1,2,2,1,2,6,5,6,3,7,2,11,13,10,8
"Fakinit","Simon&Garfunkel",1967,1,2,3,1,2,3,4,3,6,8,8,9,7,6,4
"Feelin'Satisfied","Boston",1979,1,2,3,2,1,1,1,7,8,5,6,12,10,7,7
"Feelin'StrongerEveryDay","Chicago",1973,1,1,1,4,3,5,6,8,9,5,6,12,10,7,7
"FeelLikeMakingLove","RobertaFlack",1974,1,1,1,4,3,5,6,8,5,1,9,2,6,4,13
"Fernando","Abba",1976,1,1,1,4,3,5,6,8,5,1,9,2,6,4,13
"Fever","PeggyLee",1958,1,1,2,3,5,4,7,1,2,3,4,6,11,5,5
"FireAndIce","PatBenetar",1981,1,2,2,1,2,6,5,6,3,7,2,11,13,1,10
"FleshForFantasy","BillyIdol",1984,1,2,3,1,2,6,2,2,3,5,6,12,10,7,10
"FloyJoy","TheSupremes",1972,1,2,2,1,2,3,4,3,6,8,8,9,7,6,4
"FoggyMountainBreakdown","Flatt&Scruggs",1968,1,1,2,3,5,4,7,1,2,3,7,6,11,3,5
"FoolThatIAm","EttaJames",1961,1,1,1,4,3,5,6,8,9,6,3,7,12,12,9
"ForeverMan","EricClapton",1985,1,2,2,1,2,6,5,6,3,7,2,11,13,1,10
"ForOl'TimesSake","ElvisPresley",1973,1,1,1,4,3,5,6,8,9,6,3,7,12,12,9
"ForTheGoodTimes","RayPrice",1970,1,1,1,4,3,5,6,8,9,6,3,7,12,12,9
"Frankenstein","EdgarWinter",1973,1,1,2,3,5,4,7,1,2,3,10,11,8,2,8
"Freeze-Frame","J.GeilsBand",1982,1,2,3,2,1,1,1,7,8,5,6,12,10,7,7
"FunnyGirl","BarbraStreisand",1964,1,2,1,1,2,3,4,3,6,8,8,9,6,14,4
"Galveston","GlenCampbell",1969,1,1,1,4,4,2,3,5,7,6,3,7,4,12,9
"Getaway","EarthWindandFire",1976,1,1,2,3,4,2,3,4,1,10,10,8,9,2,11
"GetReady","RareEarth",1970,1,2,2,1,2,1,2,2,4,9,11,5,3,13,8
"GetTogether","TheYoungbloods",1969,1,1,2,3,4,2,3,4,1,10,10,11,9,2,11
"GetUp(IFeelLikeBeingLikeA)SexMachine(Part1)","JamesBrown",1970,1,2,3,2,1,1,2,2,4,9,11,5,3,13,1
"GhostbustersTheme","RayParkerJr",1984,1,2,3,2,1,1,2,2,4,5,6,12,10,7,7
"GirlImGonnaMissYou","MilliVanilli",1989,1,1,2,3,5,3,4,3,6,8,8,9,7,6,4
"GirlYouKnowItsTrue","MilliVanilli",1989,1,2,2,1,2,6,5,6,3,7,2,11,13,1,10
"GiveItToMeBaby","RickJames",1981,1,2,2,1,2,6,5,6,3,7,2,11,13,10,10
"GiveToLive","SammyHagar",1987,1,1,1,4,4,2,3,5,7,4,7,3,4,3,6
"GivingYoutheBestThatIGot","AnitaBaker",1989,1,1,2,3,4,2,3,4,1,10,4,8,2,8,14
"Gloria","LauraBranigan",1982,1,1,3,2,5,4,7,1,2,3,1,4,8,11,3
"Goin'Back","TheByrds",1967,1,1,2,3,4,2,3,4,1,10,10,8,9,14,11
"GoingToAGo-Go","TheRollingStones",1982,1,2,2,1,2,6,4,3,6,8,8,9,11,10,8
"GoingToChicagoBlues","CountBasie",1958,1,1,3,2,5,4,7,1,2,3,1,4,8,11,3
"GoldenEarring","TwilightZone",1983,1,1,2,3,5,3,4,3,6,8,8,9,7,6,4
"GoldenYears","DavidBowie",1976,1,2,2,1,2,6,5,6,3,7,2,11,13,10,10
"GoodbyeYellowBrickRoad","EltonJohn",1973,1,1,2,3,4,2,3,5,7,4,7,3,4,3,14
"GoodMorningStarshine","Oliver",1969,1,1,1,4,3,5,6,4,9,6,3,7,12,12,9
"GoodVibrations","MarkyMark&TheFunkyBunch",1991,1,2,2,1,2,6,5,6,3,7,8,11,13,10,10
"GordonLightfoot","Beautiful",1972,1,2,3,2,1,1,2,2,4,9,11,5,3,13,1
"GotItMade","CrosbyStillsandNash",1989,1,2,3,2,5,1,7,7,2,5,6,12,10,7,7
"GottaServeSomebody","BobDylan",1979,1,2,3,2,1,1,1,7,8,2,5,1,5,9,2
"GuitarMan","ElvisPresley",1968,1,1,3,2,5,4,7,1,2,3,1,4,8,11,3
"Hair","TheCowsills",1969,1,2,2,1,2,6,5,6,3,7,2,11,13,10,8
"HandyMan","JimmyJones",1960,1,1,2,3,4,2,3,5,7,4,7,3,4,3,6
"HappyAnniversary","LittleRiverBand",1978,1,2,3,2,1,1,2,2,4,9,11,5,3,13,1
"HappyJack","TheWho",1967,1,1,2,3,4,2,3,4,1,10,4,6,9,5,5
"HappyMan","GregKihnBand",1982,1,2,2,1,1,3,4,3,6,8,4,6,7,5,5
"HappyTogether","TheTurtles",1967,1,1,2,1,5,6,7,1,2,3,10,11,11,10,8
"HardDaysNight","TheBeatles",1964,1,2,3,2,5,4,7,1,3,3,1,11,8,11,3
"HardenMyHeart","Quarterflash",1982,1,2,2,1,2,6,5,6,3,7,2,11,13,10,10
"HaveYouEverLovedSomebody","FreddieJackson",1987,1,2,2,1,2,6,5,6,3,7,2,1,13,1,10
"HaveYouSeenYourMother,Baby,StandingInTheShadow?","TheRollingStones",1966,1,2,3,2,5,4,7,1,2,3,1,4,8,11,3
"He'sARebel","TheCrystals",1962,1,1,1,4,3,5,6,5,7,4,7,3,4,14,12
"He'sSoFine","TheChiffons",1963,1,1,1,4,3,5,6,8,9,6,3,7,12,12,9
"He'ssoshy","PointerSisters",1980,1,1,2,3,5,4,7,1,2,3,10,8,8,2,11
"Heartaches","Bachman-TurnerOverdrive",1979,1,2,3,2,5,4,2,2,4,5,6,10,1,7,15
"Heartbreaker","PatBenatar",1980,1,1,2,1,2,6,3,4,1,10,10,11,9,10,11
"HeartFullofSoul","TheYardbirds",1965,1,2,3,2,1,1,1,7,8,2,5,1,5,9,2
"HeartinHand","BrendaLee",1962,1,1,1,4,3,5,6,8,5,1,9,2,6,4,13
"Heaven'sJustASinAway","TheKendalls",1977,1,1,1,4,3,5,6,8,9,6,3,7,12,12,9
"HeavenMustHaveSentYou","BonniePointer",1979,1,1,2,3,4,2,4,5,7,4,7,3,4,3,6
"HelloDolly","LouisArmstrong",1964,1,1,1,4,3,5,6,8,5,1,9,2,6,4,13
"HelloHello","TheSopwithCamel",1967,1,1,2,3,4,2,3,1,2,3,1,4,8,11,14
"HelloStranger","BarbaraLewis",1963,1,1,1,4,3,5,6,8,9,6,3,7,12,12,9
"Help!","TheBeatles",1965,1,1,2,3,4,2,3,5,7,4,7,3,4,14,6
"HelpIsOnTheWay","LittleRiverBand",1977,1,2,3,2,1,1,1,7,8,2,5,1,5,9,2
"Here'sSomeLove","TanyaTucker",1976,1,1,2,3,4,2,3,4,1,10,10,8,9,2,14
"HereComeThoseTearsAgain","JacksonBrowne",1977,1,1,2,3,4,3,3,5,7,4,7,3,4,14,6
"HereIGoAgain","Whitesnake",1987,1,2,3,2,1,1,1,7,8,2,5,1,5,9,2
"HeyBaby","BruceChannel",1962,1,1,1,4,3,5,6,8,5,1,9,2,6,4,13
"HeyStoopid","AliceCooper",1991,1,1,2,1,2,6,5,6,3,7,2,11,13,1,10
"HeyYou!GetOffMyMountain","TheDramatics",1973,1,2,2,1,2,4,4,3,6,8,4,6,11,5,5
"HigherGround","StevieWonder",1973,1,2,3,2,1,1,2,2,4,9,11,10,1,13,15
"HisLatestFlame","ElvisPresley",1961,1,1,2,3,4,2,3,5,7,4,7,3,4,3,6
"HocusPocus","Focus",1973,1,1,1,4,3,5,6,8,9,6,3,7,12,12,9
"HoldOn","WilsonPhillips",1990,1,1,2,3,4,2,3,4,1,10,4,6,2,8,5
"HoneyHoney","ABBA",1974,1,1,2,3,5,4,7,1,2,3,1,4,8,11,3
"HonkyTonkWomen","TheRollingStones",1969,1,1,1,4,3,5,6,8,9,6,3,7,12,12,9
"HookedOnAFeeling","B.J.Thomas",1968,1,1,2,3,5,4,7,1,2,3,1,4,8,14,12
"HotChildintheCity","NickGilder",1978,1,1,2,3,5,4,7,4,1,10,10,8,9,2,11
"HotFunInTheSummertime","Sly&TheFamilyStone",1969,1,1,2,1,5,5,4,1,9,6,4,6,11,5,5
"HotInTheCity","BillyIdol",1982,1,1,2,3,4,2,3,1,7,4,7,3,11,3,6
"HowBlueCanYouGet","B.B.King",1964,1,2,3,2,5,4,7,1,2,3,1,4,8,11,3
"HumanNature","MichaelJackson",1983,1,2,2,3,4,2,4,4,1,10,5,8,9,12,14
"HungryEyes","EricCarmen",1988,1,1,1,4,3,5,6,4,5,1,9,2,6,14,12
"HurtsToBeInLove","GinoVanelli",1985,1,2,2,1,2,6,5,6,3,7,2,11,13,10,10
"I'dLoveToChangeTheWorld","TenYearsAfter",1971,1,1,2,3,5,4,7,1,2,3,10,10,1,2,15
"I'llTakeYouThere","TheStapleSingers",1972,1,1,2,3,4,2,3,4,1,10,10,8,9,2,11
"I'llTumble4Ya","CultureClub",1983,1,1,2,3,5,3,4,3,6,8,8,9,7,6,4
"I'mInLove","Evelyn""Champagne""King",1981,1,1,1,4,3,5,6,8,9,6,3,7,12,12,9
"I'veBeenEverywhere","HankSnow",1962,1,1,3,2,5,4,7,1,2,3,1,4,8,11,3
"I'veBeenLovingYouTooLong(ToStopNow)","OtisRedding",1965,1,1,2,3,5,4,7,1,2,3,4,6,2,8,5
"I'veGotATigerByTheTail","BuckOwens",1965,1,1,2,3,4,2,3,4,1,10,10,8,9,2,11
"I'veGotLoveOnMyMind","NathalieCole",1977,1,2,3,1,2,3,4,3,6,8,8,9,7,8,4
"I'vePassedThisWayBefore","JimmyRuffin",1967,1,1,2,3,4,2,3,4,1,10,10,8,9,2,14
"IAdoreMiAmor","ColorMeBadd",1991,1,1,3,2,5,4,7,1,2,3,1,10,1,2,15
"ICan'tDrive55","SammyHagar",1984,1,2,3,2,1,1,1,7,8,2,5,10,1,9,15
"ICan'tStandIt","EricClapton",1981,1,2,3,2,1,1,1,7,8,2,4,6,1,5,5
"ICan'tStandTheRain","AnnPeebles",1973,1,1,1,4,3,5,6,8,9,6,3,7,12,12,9
"ICanHelp","BillySwan",1974,1,1,3,2,5,4,7,1,2,5,6,12,10,7,7
"ICriedATear","LaVernBaker",1959,1,2,3,2,5,4,7,1,2,3,1,4,8,11,3
"IDon'tBlameYouAtAll","TheMiracles",1971,1,2,3,2,1,1,1,7,8,2,5,1,5,9,2
"IDon'tLoveYouAnymore","TeddyPendergrass",1977,1,2,2,1,2,3,4,3,6,8,8,9,7,6,4
"IDon'tmind","JamesBrown",1961,1,1,1,4,3,5,6,8,9,6,3,7,12,12,9
"IDon'tNeedYou","KennyRogers",1981,1,1,1,4,3,5,6,8,9,6,3,7,12,12,9
"IDon'tWantToSpoilTheParty","TheBeatles",1965,1,1,1,4,3,5,6,8,9,6,3,7,12,12,9
"IDontWantYourLove","DuranDuran",1989,1,2,3,2,1,1,2,2,4,5,6,12,10,7,7
"IDroveAllNight","CyndiLauper",1989,1,2,3,2,1,1,1,7,8,2,5,1,2,8,2
"If","Bread",1971,1,1,3,3,5,4,7,1,2,3,1,4,8,11,3
"IfICanDream","ElvisPresley",1968,1,1,2,3,4,2,3,5,7,4,7,3,4,14,6
"IfICouldBuildMyWholeWorldAroundYou","MarvinGaye&TammyTerrell",1967,1,2,3,2,1,1,2,2,4,9,11,5,3,13,1
"IfICouldReachYou","The5thDimension",1972,1,2,3,2,1,1,2,2,3,9,11,5,2,8,14
"IfICouldTurnBackTime","Cher",1989,1,1,1,4,3,5,6,4,9,6,3,7,12,12,9
"IfIWereACarpenter","BobbyDarin",1966,1,2,3,2,1,1,2,2,4,5,6,12,10,7,7
"IfIWereYourWoman","GladysNight&ThePips",1971,1,2,3,2,1,1,2,2,4,9,11,5,3,13,1
"IfNotYou","Dr.Hook",1977,1,1,1,4,4,2,3,5,7,4,7,3,4,3,6
"IFoundALove","TheFalcons",1962,1,2,3,2,1,1,2,2,4,9,11,5,3,13,1
"IFoundATrueLove","WilsonPickett",1968,1,1,3,2,5,4,7,1,2,3,1,4,8,11,3
"Ifyoulovesomebodysetthemfree","Sting",1985,1,2,3,2,1,1,2,2,4,9,11,5,3,13,1
"Ifyouneedme","SolomonBurke",1963,1,1,3,2,5,4,7,1,2,3,1,4,8,11,3
"IfYoureallyloveme","StevieWonder",1971,1,2,2,1,2,6,4,3,6,8,9,9,6,14,12
"IGotMyMindSetOnYou","GeorgeHarrison",1988,1,1,2,3,4,2,3,4,1,10,10,8,9,14,11
"IGotStripes","JohnnyCash",1959,1,1,2,3,5,4,7,1,2,3,4,6,11,5,5
"IGotYou(IFeelGood)","JamesBrown",1965,1,2,3,2,1,1,1,7,8,2,5,1,5,9,2
"IHadTooMuchToDream","ElectricPrunes",1967,1,2,3,2,1,1,2,2,4,9,11,5,3,13,1
"IJustCan'tStopLovingYou","MichaelJackson",1987,1,1,2,3,5,4,7,1,2,3,4,6,11,5,5
"ILikeTheWay(TheKissingGame)","Hi-Five",1991,1,1,1,4,3,5,6,8,9,6,3,7,12,12,9
"ILove","TomDHall",1973,1,1,3,2,5,4,7,1,2,3,1,4,8,11,3
"ILoveARainyNight","EddieRabbitt",1981,1,1,2,3,4,2,7,4,1,10,10,8,9,2,11
"ILoveYouSo","BobbiMartin",1965,1,1,1,4,3,5,6,8,5,1,9,2,6,14,12
"ImGoinDown","BruceSpringsteen",1985,1,2,3,2,1,1,1,7,8,2,4,1,5,5,5
"In-A-Gadda-Da-Vida","IronButterfly",1968,1,2,1,1,2,5,4,3,6,8,8,9,11,14,8
"IndianaWantsMe","RDeanTayloy",1970,1,1,3,2,5,3,4,3,5,8,9,9,7,6,4
"INeverLovedAMan","ArethaFranklin",1967,1,1,3,2,5,4,7,1,2,3,1,4,8,11,3
"InMyRoom","TheBeachBoys",1963,1,1,1,4,3,5,6,8,5,1,9,2,6,4,13
"InTheMidnightHour","WilsonPickett",1965,1,2,3,2,1,1,1,7,8,2,5,1,5,9,2
"InTheNavy","VillagePeople",1979,1,1,1,4,3,5,6,8,9,6,3,7,12,12,9
"InvisibleTouch","Genesis",1986,1,1,2,3,4,2,3,5,7,4,7,3,4,3,14
"InYourSoul","CoreyHart",1988,1,2,3,2,1,3,1,7,8,2,5,1,5,9,2
"IPutASpellOnYou","CreedenceClearwaterRevival",1968,1,1,2,3,5,4,7,4,1,10,10,8,9,2,11
"IReallyDon'tWantToKnow","ElvisPresley",1970,1,1,2,3,4,2,3,5,7,4,7,3,2,8,6
"IRise,IFall","JohnnyTillotson",1964,1,1,2,3,4,2,3,5,7,4,7,3,4,3,6
"ISawHerStandingThere","TheBeatles",1964,1,1,3,3,5,4,7,1,2,3,1,4,8,11,3
"ISecondThatEmotion","TheMiracles",1968,1,2,3,2,1,1,1,7,8,2,5,1,5,9,2
"IslandOfLostSouls","Blondie",1982,1,1,2,3,4,2,3,5,7,4,7,3,4,3,6
"IsThatAllThereIs","PeggyLee",1969,1,1,3,2,5,4,7,1,2,3,1,4,8,11,3
"IsThereSomethingIShouldKnow","DuranDuran",1983,1,2,2,1,2,6,5,6,3,7,2,11,13,10,10
"It'sGonnaWorkOutFine","Ike&TinaTurner",1961,1,1,2,3,5,4,7,1,2,3,10,10,1,2,15
"It'sOnlyMakeBelieve","GlenCampbell",1970,1,1,2,3,4,2,3,5,7,4,7,3,4,3,6
"It'sOnlyRockandRoll(ButILikeIt)","RollingStones",1974,1,2,2,1,2,1,2,2,4,9,11,5,3,13,8
"It'sRainingMen","TheWeatherGirls",1983,1,1,2,3,4,2,3,4,1,10,10,8,9,2,11
"It'sYourThing","TheIsleyBrothers",1969,1,2,3,2,1,1,2,2,4,9,11,5,3,13,1
"ItAmazesMe","JohnDenver",1978,1,1,2,3,5,4,7,1,2,3,4,6,11,5,5
"ItKeepsRightOnA-Hurtin'","JohnnyTillotson",1962,1,1,3,2,5,4,7,1,2,3,1,4,8,11,3
"ItTakesTwo","MarvinGaye&KimWeston",1967,1,2,2,1,2,6,5,6,3,7,2,11,13,1,10
"IWalkAlone","MartyRobbins",1968,1,1,3,2,5,4,7,1,2,3,1,4,8,11,3
"IWantaNewDrug","HueyLewis&TheNews",1984,1,2,3,2,1,1,2,2,4,5,6,12,10,7,7
"Iwanttotakeyouhigher","SlyAndTheFamilyStone",1969,1,1,2,3,5,4,7,1,2,3,4,6,11,5,5
"IWantToTakeYouHigher","Ike&TinaTurner",1970,1,2,2,1,2,6,4,3,6,8,8,9,11,10,8
"IWantToWalkYouHome","FatsDomino",1959,1,2,3,2,1,1,1,7,8,2,5,1,5,9,2
"IWantYou","MarvinGaye",1976,1,1,2,3,5,4,7,4,1,10,10,8,9,2,11
"IWantYouBack","TheJacksons",1969,1,1,1,4,3,5,6,8,9,6,3,7,12,12,9
"IWantYouToWantMe","CheapTrick",1979,1,2,3,2,1,1,2,2,4,5,6,12,10,7,7
"IWill","DeanMartin",1965,1,1,2,3,5,4,7,1,2,3,4,6,11,5,5
"IWishItWouldRain","TheTemptations",1968,1,2,3,2,1,1,1,7,8,2,5,1,5,9,2
"IWon'tStandInYourWay","StrayCats",1983,1,1,2,1,2,6,5,6,3,7,2,11,13,10,10
"Iwouldn'tHaveMisseditForTheWorld","RonnieMilsap",1981,1,2,1,4,3,3,4,3,6,8,9,9,6,14,12
"Jamie","EddieHolland",1962,1,1,1,4,4,2,3,5,7,4,7,3,4,3,6
"Jessie'sGirl","RickSpringfield",1981,1,1,2,3,4,2,3,5,7,4,4,6,4,5,5
"JimiHendrix","Freedom",1971,1,2,2,1,2,6,4,3,6,8,11,9,11,10,8
"Jimmy'sGirl","JohnnyTillotson",1961,1,1,1,4,3,5,6,8,9,6,3,7,12,12,9
"JohnnyReb","JohnnyHorton",1959,1,2,3,2,5,4,7,1,2,3,1,4,8,11,3
"JourneyToTheCenterOfTheMind","TheAmboyDukes",1968,1,1,2,3,4,2,3,4,1,10,10,8,9,2,11
"Judy","ElvisPresley",1967,1,1,1,4,3,5,6,8,9,6,3,7,12,12,9
"Jump(forMyLove)","ThePointerSisters",1984,1,1,2,3,2,6,5,6,3,7,2,11,13,10,10
"JungleBoogie","KoolandtheGang",1974,1,2,2,1,2,6,4,3,6,8,8,9,11,10,8
"JustADream","JimmyClanton",1958,1,1,3,2,5,4,7,1,2,3,1,4,8,11,3
"JustAFriend","BizMarkie",1990,1,1,1,4,3,5,6,8,9,6,3,7,12,12,9
"JustCan'tWait","TheJ.GeilsBand",1980,1,1,2,3,4,2,3,4,1,10,4,6,11,5,5
"JustLikeHeaven","TheCure",1988,1,2,3,2,1,1,1,7,8,2,4,1,5,5,14
"JustLikeJesseJames","Cher",1989,1,2,2,3,4,2,1,7,8,2,4,6,11,5,14
"JustTheWayYouAre","BillyJoel",1978,1,1,1,4,5,4,7,1,2,3,1,4,8,11,3
"JustWhenINeededYouMost","RandyVanwarmer",1979,1,1,3,2,5,4,7,1,2,3,1,4,8,11,3
"KarmaChameleon","CultureClub",1984,1,1,1,4,3,5,6,4,5,1,9,2,6,14,12
"Kicks","PaulRevere&TheRaiders",1966,1,2,2,1,2,6,5,6,3,7,2,11,13,10,8
"KindOfADrag","TheBuckinghams",1967,1,1,1,4,3,5,6,8,9,6,3,7,12,12,9
"KissesOnTheWind","NenehCherry",1989,1,1,2,1,2,6,5,6,3,7,2,11,13,10,10
"KissOnMyList","Hall&Oates",1981,1,2,2,1,2,6,5,6,3,7,2,11,13,1,10
"KnowingMe,KnowingYou","ABBA",1977,1,1,2,3,4,2,3,4,1,10,10,8,9,14,11
"Ko-KoJoe","JerryReed",1971,1,1,1,4,5,4,7,1,2,3,1,10,1,11,15
"Kokomo(FromTheCocktailSoundtrack)","TheBeachBoys",1988,1,1,1,4,3,5,6,8,5,1,9,2,6,4,13
"KozmicBlues","JanisJoplin",1969,1,1,3,2,5,4,7,1,2,3,1,4,8,11,3
"Lady","KennyRogers",1980,1,1,2,3,5,6,5,6,3,7,10,11,9,2,11
"Lady(YouBringMeUp)","Commodores",1981,1,2,2,1,2,6,5,7,8,7,5,11,13,10,8
"LaGrange","ZZTop",1974,1,2,2,1,2,6,4,3,6,8,8,9,11,10,8
"Lambada","Kaoma",1990,1,2,2,1,2,6,5,6,3,7,2,11,13,1,10
"LandOf1000Dances","ChrisKenner",1963,1,1,2,3,5,4,7,1,2,3,10,8,11,2,8
"LastChild","Aerosmith",1976,1,2,3,2,1,1,2,2,4,9,11,5,3,13,1
"LastDance","DonnaSummer",1978,1,1,1,4,3,5,6,8,5,1,9,2,6,14,12
"LastDate","FloydCramer",1960,1,1,3,2,5,4,7,1,2,3,1,4,8,11,3
"LastKiss","J.FrankWilson&TheCavaliers",1964,1,1,2,3,4,2,3,5,7,4,7,3,4,3,6
"LayDownSally","EricClapton",1978,1,1,2,3,4,2,3,4,1,10,10,8,9,2,11
"Let'sGetSerious","JermaineJackson",1980,1,1,3,2,5,4,7,1,2,3,1,10,8,2,15
"Let'sGoGetStoned","RayCharles",1966,1,1,2,3,4,2,3,5,7,4,7,3,4,14,6
"Let'sworkTogether","CannedHeat",1970,1,2,3,2,1,1,1,7,8,2,5,1,5,9,2
"LetItRain","EricClapton",1972,1,2,3,2,1,1,1,7,2,5,6,12,10,7,7
"LetMeGetToKnowYou","PaulAnka",1974,1,1,2,3,4,2,3,4,1,10,10,8,9,2,11
"LetterFullofTears","GladysKnight&ThePips",1962,1,1,2,3,4,2,3,5,7,4,7,3,2,8,6
"LetTheMusicPlay","Shannon",1984,1,2,2,1,2,6,5,6,3,7,2,11,13,1,10
"Levon","EltonJohn",1971,1,2,3,2,1,3,4,3,6,9,8,5,2,8,4
"Liar,Liar","TheCastaways",1965,1,2,3,2,1,1,1,7,8,2,5,1,5,9,2
"LifeIsACarnival","TheBand",1971,1,2,3,2,1,3,2,2,4,9,11,5,3,13,1
"LikeARock","BobSeger",1986,1,2,3,2,1,1,2,2,4,9,6,5,3,13,7
"LittleBitO'Soul","TheMusicExplosion",1967,1,1,2,3,4,2,3,4,1,10,10,8,9,2,11
"LittleOldLadyFromPasadena","Jan&Dean",1964,1,1,1,4,5,4,7,1,2,3,1,4,8,11,3
"LittleSister","ElvisPresley",1961,1,2,3,2,5,4,7,1,2,3,1,4,8,11,3
"LittleTooLate","PatBenatar",1983,1,1,2,3,5,4,7,4,1,10,10,8,9,2,11
"LiveToTell","Madonna",1986,1,2,2,1,2,6,5,6,3,7,2,11,13,10,10
"LivingDoll","CliffRichard",1959,1,1,1,4,3,5,6,8,9,6,3,7,12,12,9
"LivingInThePast","JethroTull",1972,1,2,1,4,3,5,2,2,9,9,11,5,3,13,9
"LivingItDown","FreddyFender",1976,1,1,1,4,3,5,6,8,9,6,3,7,12,12,9
"LonelyEyes","RobertJohn",1980,1,2,3,2,1,1,1,7,8,2,5,1,2,8,2
"LonelyWeekends","CharlieRich",1960,1,2,3,2,1,1,2,2,4,9,11,5,3,13,1
"LongDarkRoad","TheHollies",1972,1,2,3,2,1,1,2,2,4,5,6,5,3,7,7
"Look-KaPyPy","TheMeters",1970,1,2,2,1,2,6,5,6,3,7,2,11,13,10,10
"Lookin'forLove","JohnnyLee",1980,1,2,3,2,1,1,1,7,8,2,5,1,2,8,2
"LookingForALove","TheJ.GeilsBand",1972,1,2,3,2,1,1,1,7,8,2,5,1,5,9,2
"LosingYou","BrendaLee",1963,1,1,1,4,3,5,6,8,5,1,9,2,6,4,13
"LoveCameToMe","Dion",1962,1,1,2,3,4,2,3,5,7,4,7,3,4,3,6
"LoveComesQuickly","PetShopBoys",1986,1,1,2,3,5,6,7,1,2,3,10,11,11,2,8
"LoveIsABattlefield","PatBenatar",1983,1,2,2,1,2,6,5,6,3,7,2,11,13,10,8
"LovelyDay","BillWithers",1978,1,1,2,3,4,2,3,5,7,4,7,3,4,3,6
"LoveMeDo","Beatles",1964,1,2,3,2,1,1,2,2,4,9,11,5,3,13,1
"LoveMeWarmAndTender","PaulAnka",1962,1,2,2,1,2,3,4,3,6,8,8,9,7,6,4
"LoversWhoWander","Dion",1962,1,1,2,3,4,2,3,5,7,4,7,3,4,3,6
"LoveTrain","TheO'Jays",1973,1,1,1,4,4,2,3,4,1,10,9,8,6,4,14
"Lovin'You","MinnieRiperton",1975,1,2,2,1,2,3,4,3,6,8,8,9,7,6,4
"LovingHerWasEasier","KrisKristofferson",1971,1,2,3,2,1,1,2,2,4,9,11,5,3,13,1
"Lucille","KennyRogers",1977,1,1,1,4,3,5,6,4,9,6,3,7,12,12,9
"Lucky","GregKihn",1985,1,2,2,1,2,6,5,6,3,7,2,11,13,10,10
"LuckyMan","Emerson,Lake&Palmer",1971,1,1,2,3,5,4,7,1,2,3,4,6,11,5,5
"Lyin'Eyes","Eagles",1975,1,1,1,4,3,5,6,8,9,6,3,7,12,12,9
"Mabelleamie","Theteeset",1970,1,1,1,4,3,5,6,8,5,1,9,2,6,4,13
"MaggieMay","RodStewart",1971,1,2,2,1,2,3,4,3,6,8,8,9,7,6,14
"MagicMan","Heart",1976,1,2,3,1,2,6,2,2,3,7,11,11,13,10,10
"MakeALittleMagic","NittyGrittyDirtBand",1980,1,1,2,3,4,2,3,4,1,10,10,8,9,2,11
"MakeMeSmile","Chicago",1970,1,2,3,2,1,1,2,2,4,5,6,12,10,7,7
"Maneater","DarylHall&JohnOates",1983,1,1,2,1,2,6,5,6,3,7,2,11,13,10,10
"Maniac","MichaelSembello",1983,1,2,2,1,2,6,5,6,3,7,2,11,13,1,10
"ManInTheMirror","MichaelJackson",1988,1,2,3,2,1,3,1,7,8,2,5,1,5,9,2
"MaybeI'mAmazed","PaulMcCartney",1977,1,2,1,4,3,5,2,2,9,5,6,12,10,7,7
"MaybeTomorrow","Badfinger",1969,1,1,2,3,3,5,6,8,5,1,9,2,6,4,13
"MeMyselfAndI","DeLaSoul",1989,1,1,2,3,5,4,7,1,2,3,4,6,11,5,5
"MercyMercyMe(TheEcology)","MarvinGaye",1971,1,1,1,4,3,5,6,8,5,1,9,2,6,4,13
"MightyGoodLovin'","TheMiracles",1961,1,2,3,2,1,1,1,7,8,2,11,1,5,9,2
"MissYou","TheRollingStones",1978,1,2,3,2,1,1,2,2,4,9,11,5,3,13,1
"Misunderstanding","Genesis",1980,1,2,2,1,2,3,4,3,6,8,8,9,11,6,4
"ModernLove","DavidBowie",1983,1,2,3,2,1,1,4,3,6,2,8,1,2,8,2
"Money","PinkFloyd",1973,1,2,3,2,1,1,2,2,4,9,11,5,3,13,1
"MonyMony","TommyJames",1968,1,1,2,2,5,4,7,1,2,3,1,4,8,11,3
"MotownPhilly","BoyzIIMen",1991,1,1,2,3,4,2,3,4,1,10,10,8,9,2,11
"Mr.Bojangles","JerryJeffWalker",1968,1,1,1,4,3,5,6,8,5,1,9,2,6,14,12
"MustOfGotLost","TheJ.GeilsBand",1974,1,2,1,4,1,1,1,7,8,2,5,1,5,9,2
"MyBoy","ElvisPresley",1975,1,1,1,4,3,5,4,3,6,6,4,6,11,14,12
"MyHometown","BruceSpringsteen",1985,1,1,3,2,5,4,7,1,2,3,1,4,8,11,3
"MyKindaLover","BillySquier",1982,1,1,2,3,4,2,3,5,7,4,4,6,4,5,5
"MyLove","PaulMcCartney&Wings",1973,1,2,1,1,2,3,4,3,6,8,8,9,7,6,4
"MyThang","JamesBrown",1974,1,1,3,2,5,4,7,1,2,3,1,10,8,2,15
"MyWay","ElvisPresley",1978,1,2,3,2,1,1,1,7,5,2,9,1,3,9,14
"MyWishCameTrue","ElvisPresley",1959,1,1,1,4,3,5,6,8,9,6,3,7,12,12,9
"MyWorldFellDown","Sagittarius",1967,1,2,3,2,1,1,1,7,5,2,9,1,5,4,13
"NakedEyes","AlwaysSomethingTheretoRemindMe",1983,1,2,3,2,1,3,2,3,6,8,8,9,7,6,4
"NeedYouTonight","INXS",1988,1,1,3,2,5,4,7,1,2,3,1,4,8,11,3
"NeverCanSayGoodbye","GloriaGaynor",1975,1,1,1,4,3,5,6,8,9,6,3,7,12,12,9
"NeverKnewLoveLikeThisBefore","StephanieMills",1980,1,1,1,4,3,5,6,8,5,1,9,2,6,14,12
"NeverMyLove","The5thDimension",1971,1,2,3,2,1,1,2,2,4,5,6,12,10,7,7
"NickofTime","BonnieRaitt",1990,1,2,1,4,3,3,6,3,5,1,9,2,6,14,12
"NightMoves","BobSeger",1977,1,2,2,1,2,6,5,6,3,7,2,11,13,10,10
"Nightshift","TheCommodores",1985,1,1,1,4,4,2,3,5,7,4,7,3,4,3,6
"NoCharge","MelbaMontgomery",1974,1,1,2,3,5,4,7,1,2,3,1,4,8,11,3
"NotFadeAway","RollingStones",1964,1,2,3,2,1,1,2,2,4,9,6,5,3,13,7
"NowhereToRun","MarthaReeves&TheVandellas",1965,1,2,3,2,1,1,2,2,4,5,6,12,10,7,7
"Ob-La-Di,Ob-La-Da","TheBeatles'",1976,1,1,3,2,5,4,7,1,2,3,1,4,8,11,3
"OdeToBillieJoe","BobbieGentry",1976,1,2,3,2,1,1,2,2,4,9,11,5,3,13,1
"OhFather","Madonna",1990,1,2,3,2,1,3,4,7,6,5,6,12,10,7,7
"OhMe,OhMy(DreamsInMyArms)","AlGreen",1975,1,2,2,1,2,1,4,3,6,9,11,5,3,13,8
"OhMeOhMy(I'mAFoolForYouBaby)","ArethaFranklin",1972,1,1,2,3,4,2,3,4,1,10,10,8,7,6,11
"OhMyAngel","BerthaTillman",1962,1,2,2,1,2,3,4,3,6,8,8,9,7,6,4
"OldDays","Chicago",1975,1,1,1,4,3,3,4,3,6,8,8,9,11,12,14
"OldTimeRock&Roll","BobSeger",1979,1,1,2,3,4,2,3,4,1,10,10,8,9,2,11
"OnAndOnAndOn","Abba",1981,1,2,3,2,1,1,2,2,4,9,11,5,3,13,1
"OnBroadway","TheDrifters",1963,1,2,2,1,2,1,2,2,4,9,11,5,3,13,8
"One","Metallica",1989,1,1,2,1,2,6,5,6,3,7,2,11,13,1,10
"OneBadApple","TheOsmonds",1971,1,1,1,4,3,5,6,8,9,6,3,7,12,12,9
"OneLastKiss","J.GeilsBand",1978,1,2,3,1,2,6,5,6,3,7,2,10,1,1,15
"OneLessBellToAnswer","The5thDimension",1971,1,2,3,2,1,3,4,3,6,8,8,9,7,6,4
"OneNight","ElvisPresley",1959,1,1,3,2,5,4,7,1,2,3,1,4,8,11,3
"OneWayorAnother","Blondie",1979,1,2,2,1,4,2,4,5,7,4,7,3,2,8,6
"OnlySixteen","Dr.Hook",1976,1,1,1,4,3,5,6,8,5,1,9,2,6,4,13
"OnTheRoadAgain","CannedHeat",1968,1,2,3,2,1,1,2,2,4,9,11,10,1,13,15
"OnTheWingsOfANightingale","TheEverlyBrothers",1984,1,1,3,2,5,4,7,1,2,3,1,4,8,11,5
"OutOfMyMind","JohnnyTillotson",1963,1,1,3,3,5,4,7,4,1,10,10,8,9,2,11
"OutOfSight,OutOfMind","LittleAnthony&TheImperials",1969,1,1,1,4,3,5,6,4,9,6,3,7,12,12,9
"OverTheHillsandFarAway","LedZeppelin",1973,1,1,3,2,5,4,7,1,2,3,1,10,1,11,15
"PaperRoses","MarieOsmond",1973,1,1,1,4,3,5,6,8,5,1,9,2,6,4,13
"ParadisebytheDashboardLight","Meatloaf",1978,1,1,2,3,4,3,3,5,7,4,7,3,2,8,6
"Patches","ClarenceCarter",1970,1,2,1,4,3,5,6,7,5,1,9,2,6,4,13
"People","BarbaraStreisand",1964,1,1,1,4,3,5,6,8,5,1,9,2,6,4,12
"PeopleGetReady","JeffBeck",1985,1,1,1,4,3,5,6,8,7,1,7,2,6,4,13
"PeopleGotToBeFree","TheRascals",1968,1,1,3,2,5,4,7,1,2,3,1,4,2,8,3
"Perfidia","TheVentures",1960,1,1,1,4,3,5,6,8,5,1,9,2,6,4,13
"PhiladelphiaFreedom","EltonJohn",1975,1,1,2,2,5,4,7,1,2,3,1,4,8,11,3
"PinballWizard","TheWho",1969,1,1,2,1,2,3,4,3,6,8,8,9,11,14,4
"PlayThatFunkyMusic","WildCherry",1976,1,2,2,1,2,6,4,3,6,8,8,9,11,10,8
"Press","PaulMcCartney",1986,1,1,1,4,3,5,3,5,7,4,7,3,4,14,12
"Pressure","BillyJoel",1983,1,1,2,3,4,2,3,5,7,4,7,3,4,3,6
"PrettyInPink","PsychedelicFurs",1986,1,1,1,4,3,5,6,4,9,6,3,7,12,12,9
"PrivateDancer","TinaTurner",1985,1,1,1,4,3,5,6,8,9,6,3,7,2,12,9
"Promises","EricClapton",1978,1,1,3,3,5,4,7,1,2,3,1,4,11,11,5
"PromisesInTheDark","PatBenatar",1981,1,2,3,2,1,1,1,7,8,9,5,5,2,8,2
"PutYourHandInTheHand","Ocean",1971,1,1,1,4,3,5,6,8,5,1,9,2,6,4,13
"QuarterToThree","GaryU.S.Bonds",1961,1,1,2,3,4,2,3,5,7,4,7,3,4,3,6
"QueenOfHearts","JuiceNewton",1981,1,1,2,3,5,4,7,4,1,10,10,8,9,2,11
"Ramblin'Rose","NatKingCole",1962,1,1,1,4,3,5,6,8,9,6,3,7,12,12,9
"RebelYell","BillyIdol",1984,1,2,2,1,2,6,5,6,3,7,2,11,13,10,10
"RedneckFriend","JacksonBrowne",1973,1,1,2,3,4,2,3,5,7,4,7,3,4,3,6
"RedRedWine","UB40",1984,1,2,3,3,1,1,1,4,1,10,10,8,9,2,11
"Reelin'&Rockin'","ChuckBerry",1972,1,1,3,2,5,4,7,1,2,3,1,4,8,11,3
"Reminiscing","LittleRiverBand",1978,1,1,1,4,3,5,6,8,5,1,9,2,6,14,12
"RescueMe","FontellaBass",1965,1,1,2,3,5,4,7,1,2,3,10,8,8,2,11
"RhinestoneCowboy","GlenCampbell",1975,1,2,3,2,1,1,1,7,8,2,5,1,5,9,2
"RichGirl","HallandOates",1977,1,1,1,4,5,4,7,1,2,3,1,4,8,14,12
"RidersOnTheStorm","TheDoors",1971,1,2,2,1,2,6,5,6,3,7,2,11,13,10,10
"RightHere,RightNow","JesusJones",1991,1,2,3,2,5,4,7,1,2,3,1,4,8,11,14
"RightPlaceWrongTime","Dr.John",1973,1,2,3,2,1,1,2,2,4,9,11,5,3,13,1
"Rock'n'RollFantasy","BadCompany",1979,1,2,2,1,2,6,5,6,3,7,2,11,13,1,10
"Rock'nMe","SteveMillerBand",1976,1,2,3,2,1,1,2,2,4,9,11,5,3,13,1
"RockandRoll,HoochieKoo","RickDerringer",1974,1,1,3,2,5,4,7,1,2,3,1,10,1,1,15
"RockAndRollNeverForgets","BobSeger",1977,1,2,3,2,5,3,4,3,6,8,8,9,7,6,4
"RocketRide","Kiss",1978,1,2,1,4,2,3,4,3,6,8,8,9,2,8,4
"RockThisTown","StrayCats",1982,1,1,2,3,5,3,4,3,6,8,8,9,7,6,4
"RockyMountainHigh","JohnDenver",1972,1,1,2,3,4,2,3,4,1,10,10,8,9,2,14
"RollOnDownTheHighway","Bachman-TurnerOverdrive",1975,1,1,2,1,2,6,5,6,3,7,2,11,13,1,10
"RubyBaby","Dion",1963,1,2,3,2,1,1,1,7,8,2,5,1,5,9,2
"RunaroundSue","Dion",1961,1,1,2,3,4,2,3,5,7,4,7,3,4,3,6
"RunningOnEmpty","JacksonBrowne",1978,1,2,3,2,1,1,1,7,8,2,5,1,5,9,2
"RunningUpThatHill","KateBush",1985,1,2,3,1,2,6,5,6,3,7,2,11,13,1,10
"SadEyes","RobertJohn",1979,1,2,3,2,1,1,2,2,4,9,11,5,3,13,14
"SailOnSailor","TheBeachBoys",1975,1,2,2,1,2,6,5,6,3,7,2,11,13,1,10
"SanctifyYourself","SimpleMinds",1986,1,2,3,2,1,1,2,2,4,9,11,5,3,13,1
"SaraSmile","DarylHall&JohnOates",1976,1,2,2,1,2,6,5,6,3,7,2,11,13,1,10
"SaturdayNight","BayCityRollers",1975,1,1,2,3,4,2,3,5,7,4,7,3,2,8,6
"ScarletFever","KennyRogers",1983,1,1,2,3,5,4,7,4,1,10,10,8,9,2,11
"Schoool'sout","AliceCooper",1972,1,2,2,1,2,6,4,3,6,8,8,9,11,10,8
"SeasonsOfTheHeart","JohnDenver",1982,1,1,2,3,4,2,7,4,1,10,10,8,9,2,11
"SecretLove","FreddyFender",1975,1,1,1,4,3,5,6,8,9,6,3,7,12,12,9
"SeeSeeRider","LaVernBaker",1963,1,2,3,2,1,1,1,7,8,2,5,1,5,9,2
"September","Earth,Wind&Fire",1979,1,1,2,3,5,4,7,1,2,3,10,8,11,2,8
"SexyEyes","Dr.Hook",1980,1,1,1,4,3,5,6,8,5,1,9,2,6,4,13
"ShadowDancing","AndyGibb",1978,1,2,2,1,2,6,5,6,3,7,10,11,9,2,11
"ShakeYourGrooveThing","PeachesandHerb",1978,1,1,2,1,2,3,4,3,6,8,8,9,7,6,4
"ShapeOfThingsToCome","MaxFrost&TheTroopers",1968,1,1,2,3,5,4,7,1,2,3,10,10,1,2,15
"ShapesOfThings","TheYardbirds",1966,1,1,2,1,5,4,7,1,2,3,4,6,11,5,5
"She'sALady","TomJones",1971,1,1,1,4,3,3,4,3,6,8,8,9,7,6,4
"She'sAWoman","TheBeatles",1964,1,2,3,2,1,1,1,7,8,2,5,1,5,9,2
"SheBop","CyndiLauper",1984,1,2,2,1,2,6,5,6,3,7,2,11,13,1,10
"SheThinksIStillCare","ElvisPresley",1977,1,1,3,2,5,4,7,1,2,3,1,4,8,11,3
"ShocktheMonkey","PeterGabriel",1982,1,2,2,1,2,6,5,6,3,7,2,11,13,10,10
"SidewalkSurfin'","Jan&Dean",1964,1,1,2,3,5,4,7,1,2,3,1,10,1,11,15
"SilentLucidity","Queensryche",1991,1,2,2,1,2,2,4,3,6,4,7,3,11,3,14
"SilentNight","BingCrosby",1960,1,1,3,2,5,4,7,1,2,3,1,4,8,11,3
"SilverThreadsAndGoldenNeedles","TheCowsills",1969,1,2,3,2,1,1,1,7,8,2,11,1,8,9,2
"Simon&Garfunkel","Mrs.Robinson",1968,1,1,2,3,4,2,3,5,7,4,7,3,4,3,6
"Situation","Yaz",1982,1,1,2,1,5,6,5,6,3,7,2,11,13,10,10
"SixDaysOnTheRoad","DaveDudley",1963,1,1,2,3,5,4,7,1,2,3,4,6,8,5,5
"SleepWalk","Santo&Johnny",1959,1,1,2,3,4,2,3,5,7,4,7,3,4,3,6
"Smokin'InTheBoysRoom","Brownsvillestation",1973,1,2,3,2,1,1,1,7,8,2,5,1,5,9,2
"SmokingGun","TheRobertCrayBand",1987,1,2,3,2,1,1,2,2,4,9,11,5,3,13,1
"SomebodysWatchingMe","Rockwell",1984,1,2,2,1,2,6,5,6,3,7,2,11,13,1,10
"SomeDaysAreDiamonds(SomeDaysAreStone)","JohnDenver",1981,1,1,1,4,3,5,6,8,5,1,9,2,6,4,13
"SomeLikeItHot","ThePowerStation",1985,1,2,2,1,2,6,5,6,3,7,2,11,13,1,10
"Someone","TheRembrandts",1991,1,2,3,2,1,1,1,7,8,5,6,1,5,9,7
"SomethingAboutYou","Level42",1986,1,1,2,1,2,3,5,3,6,8,8,9,7,6,4
"SoulAndInspiration","TheRighteousBrothers",1966,1,1,2,3,4,2,3,4,1,10,10,8,2,8,14
"SoulDanceNumber3","WilsonPickett",1967,1,1,2,3,5,4,7,1,2,3,10,8,11,2,8
"SouthernCross","Crosby,Stills&Nash",1982,1,2,3,2,1,3,2,2,4,5,6,12,10,7,7
"SpaceOddity","DavidBowie",1973,1,2,2,1,2,6,5,6,3,7,2,11,13,10,8
"SpiritsInTheMaterialWorld","ThePolice",1982,1,1,2,1,5,6,7,1,2,3,10,11,11,10,8
"StandByMe","DavidRuffin,JimmyRuffin",1970,1,1,2,3,4,2,3,5,7,4,7,3,4,3,6
"StandingInTheShadowsOfLove","FourTops",1967,1,2,3,2,5,6,2,1,2,3,2,4,8,1,1
"StartingOverAgain","DollyParton",1980,1,1,1,4,3,5,6,8,9,6,3,7,12,12,9
"Still","Commodores",1980,1,1,2,3,4,2,3,4,1,10,10,8,7,6,11
"StillCruisin","TheBeachBoys",1989,1,1,1,4,3,5,6,8,9,6,3,7,12,12,9
"StonedLove","TheSupremes",1970,1,2,2,1,2,3,4,3,6,8,8,9,7,6,4
"StoptheWedding","EttaJames",1962,1,2,3,2,1,1,1,4,1,10,10,8,9,2,11
"StopThisGame","CheapTrick",1980,1,1,2,3,4,2,3,4,1,10,10,8,9,2,11
"StraightFromTheHeart","TheAllmanBrothers",1981,1,1,1,4,3,5,6,8,9,6,3,7,12,12,9
"SugarMagnolia","TheGreatfulDead",1973,1,1,3,2,5,4,7,1,2,3,1,4,8,11,3
"SugarShack","TheFireballs",1963,1,2,3,2,1,1,2,2,4,9,11,5,3,13,1
"Suite:JudyBlueEyes","Crosby,Stills&Nash",1969,1,2,3,2,1,1,1,7,8,2,5,1,5,9,2
"Sukiyaki","ATasteOfHoney",1981,1,2,2,3,1,1,1,4,1,10,5,8,9,9,11
"SummertimeBlues","BlueCheer",1968,1,1,2,3,5,4,7,4,1,10,10,8,9,2,11
"SundayMorningSunshine","HarryChapin",1972,1,2,1,4,3,5,6,8,9,5,6,12,10,7,7
"Sunflower","GlenCampbell",1977,1,1,3,2,5,4,7,1,2,3,1,4,8,11,3
"Sunrise","EricCarmen",1976,1,1,1,4,3,5,6,8,5,1,9,2,6,4,12
"SunshineofYourLove","Cream",1968,1,2,2,3,4,2,2,4,1,5,6,12,10,7,7
"SunshineSuperman","Donovan",1966,1,2,3,2,1,1,1,7,8,2,5,1,5,9,2
"SuperFreakPartOne","RickJames",1981,1,2,2,1,2,6,5,6,3,7,2,11,13,10,10
"Superman","DonnaFargo",1973,1,2,3,2,1,1,1,7,8,2,5,1,5,9,2
"Surfin'Safari","TheBeachBoys",1962,1,1,1,4,3,5,6,8,9,6,3,7,12,12,9
"Surrender","CheapTrick",1978,1,2,2,1,2,6,4,3,6,8,8,9,11,10,8
"SweetCaroline(GoodTimesNeverSeemedSoGood)","BobbyWomack",1972,1,1,3,2,5,4,7,1,2,3,1,4,8,11,3
"SweetHomeAlabama","LynyrdSkynyrd",1974,1,2,3,2,1,1,1,7,8,2,5,1,5,9,2
"SweetLittleRockN'Roll","ChuckBerry",1958,1,2,3,2,1,1,1,7,8,2,5,1,5,9,2
"SweetLove","AnitaBaker",1986,1,1,2,3,5,4,7,1,2,3,10,8,9,2,11
"SweetMusicMan","KennyRogers",1978,1,1,1,4,3,5,6,8,9,6,3,7,12,12,9
"SweetNothin's","BrendaLee",1960,1,2,3,2,1,1,1,7,8,2,5,1,5,9,2
"SweetSoulMusic","ArthurConley",1967,1,2,3,2,1,1,1,7,8,2,5,1,5,9,2
"SweetSurrender","Bread",1972,1,1,2,3,4,3,3,4,1,10,10,8,7,6,4
"SwingTalkin'Guy","Chiffons",1966,1,2,3,2,5,4,7,1,2,3,4,4,2,8,5
"TaintedLove","SoftCell",1982,1,2,3,2,1,1,2,2,4,9,11,5,1,13,1
"TakeAChanceOnMe","Abba",1978,1,1,2,3,4,2,3,5,7,4,7,3,4,3,6
"TakeMeDown","Alabama",1982,1,2,3,2,5,3,7,1,2,3,1,4,7,11,3
"TalkBackTremblingLips","JohnnyTillotson",1963,1,1,1,4,3,5,6,8,9,6,3,7,12,12,9
"Talktome","ChicoDeBarge",1987,1,2,2,1,2,3,4,3,6,8,8,9,7,6,4
"TarzanBoy(From""TeenageMutantNinjaTurtlesIII"")","Baltimora",1986,1,1,2,3,4,2,3,5,7,4,7,3,4,5,6
"TeachYourChildren","Crosby,Stills&Nash",1970,1,1,3,2,5,4,7,1,2,3,1,4,8,11,3
"TellItLikeItIs","TheNevilleBrothers",1966,1,1,1,4,3,5,6,8,5,6,9,2,6,12,12
"TellMeWhatYouWantMeToDo","TevinCampbell",1991,1,1,1,4,3,5,6,8,7,6,4,6,11,5,5
"Tenderness","GeneralPublic",1984,1,2,3,2,1,1,1,7,8,2,5,1,5,9,2
"TenPercent","DoubleExposure",1976,1,1,1,4,3,5,5,6,9,6,3,7,12,12,9
"That'sOldFashioned(That'sTheWayLoveShouldBe)","TheEverlyBrothers",1962,1,1,1,4,3,5,6,8,9,6,3,7,12,12,9
"That'stheWayIFeelAboutCha","BobbyWomack",1971,1,1,1,4,3,5,6,8,9,6,3,7,12,12,9
"ThatGirl","StevieWonder",1982,1,1,1,4,3,5,6,8,9,6,3,7,12,12,7
"ThatOldBlackMagic","LouisPrima&KeelySmith",1958,1,1,1,4,3,5,6,8,5,1,9,2,6,14,12
"TheAnaheim,Azusa&CucamongaSewingCircle,BookReviewAndTimingAssociation","Jan&Dean",1964,1,2,3,1,2,6,2,2,4,9,11,5,3,13,1
"TheAnimals","SanFranciscanNights",1967,1,2,2,1,2,6,4,3,6,8,8,9,11,10,8
"TheArmsOfOrion","Prince&SheenaEaston",1989,1,1,1,4,3,5,6,8,9,6,3,4,2,8,9
"TheBattleOfNewOrleans","JohnnyHorton",1959,1,1,2,3,4,2,3,4,1,10,10,8,9,2,11
"TheBest","TinaTurner",1989,1,1,2,3,4,2,3,5,7,4,7,3,4,3,6
"TheBestDiscoInTown","TheRitchieFamily",1976,1,1,1,4,4,2,3,5,7,4,7,3,4,3,6
"TheBitchIsBack","EltonJohn",1974,1,1,3,2,5,4,7,1,2,5,1,4,8,11,7
"TheGoonies`RGoodEnough","CyndiLauper",1985,1,1,2,3,4,2,3,5,7,4,7,3,2,3,6
"TheHumptyDance","DigitalUnderground",1990,1,2,2,1,2,6,4,3,6,8,8,9,11,10,8
"TheJoker","SteveMillerBand",1973,1,2,3,2,1,1,1,7,8,2,5,1,5,9,2
"TheLongRun","Eagles",1980,1,2,3,2,1,1,2,2,4,9,11,5,3,13,1
"TheLook","Roxette",1989,1,2,3,1,2,6,5,6,3,7,2,11,13,1,10
"TheLookOfLove","IsaacHayes",1971,1,2,2,1,2,6,5,6,3,7,2,11,13,10,10
"ThemeFromElectricSurfboard","BrotherJackMcDuff",1969,1,1,2,1,2,4,7,1,2,3,10,10,1,2,15
"ThemeFromTheDukesOfHazzard","WaylonJennings",1980,1,1,3,2,5,4,7,1,2,3,1,4,8,11,3
"TheMillionaire","Dr.Hook",1975,1,1,1,4,3,5,6,8,9,6,3,7,12,12,9
"TheNightChicagoDied","PaperLace",1974,1,1,1,4,3,5,6,8,9,6,3,7,12,12,9
"TheOtherGuy","LittleRiverBand",1983,1,2,3,2,1,1,1,7,8,2,5,1,5,9,2
"ThePeopleInMe","TheMusicMachine",1967,1,1,2,3,4,2,3,4,1,10,10,8,9,2,11
"ThePower","Snap",1990,1,1,2,3,5,4,7,1,2,3,4,6,11,5,5
"There'llNeverBe","Switch",1978,1,1,1,4,3,5,6,8,5,1,9,2,6,14,12
"There'sNoOther(LikeMyBaby)","TheCrystals",1961,1,1,2,3,4,2,3,5,7,4,7,3,4,3,6
"There'stheGirl","Heart",1988,1,2,2,1,2,6,5,6,3,7,2,11,13,1,10
"ThereButForFortune","JoanBaez",1965,1,1,1,4,3,5,6,8,5,1,9,2,6,14,12
"ThereGoesMyEverything","ElvisPresley",1971,1,1,2,3,5,3,4,3,6,8,8,9,7,6,4
"ThereSheGoes","TheLas",1991,1,1,2,3,4,3,4,4,1,10,4,6,7,5,5
"TheRightTime","RayCharles",1959,1,2,3,2,1,1,1,7,8,2,5,1,5,9,2
"TheRose","BetteMidler",1980,1,1,2,3,4,2,3,4,1,10,4,6,9,5,5
"TheseBootsAreMadeForWalkin'","NancySinatra",1966,1,2,3,2,1,1,2,2,4,9,11,5,3,13,1
"TheSoundsOfSilence","Simon&Garfunkel",1965,1,1,2,3,5,4,4,1,2,3,4,6,11,5,5
"TheSpiritofRadio","Rush",1980,1,1,2,3,4,2,3,4,1,10,4,6,2,8,5
"TheStroke","BillySquier",1981,1,2,2,1,2,3,5,7,8,8,8,11,7,6,4
"TheThrillIsGone","B.B.King",1970,1,1,3,2,5,4,7,1,2,3,1,4,8,11,3
"TheTwist","ChubbyChecker",1962,1,2,3,2,1,1,1,7,8,2,5,1,5,9,2
"TheWaysOfAWomanInLove","JohnnyCash",1958,1,1,3,2,5,4,7,1,2,3,1,4,8,11,3
"TheWayYouDoTheThingsYouDo","UB40",1990,1,2,3,2,1,1,1,7,8,2,5,1,5,9,2
"TheYearThatClaytonDelaneyDied","TomT.Hall",1971,1,1,3,2,5,4,7,1,2,3,1,4,8,11,3
"Think","JamesBrown",1973,1,2,3,2,5,4,7,1,2,3,1,4,8,11,3
"ThinkOfMe","BuckOwens",1966,1,1,2,3,4,2,3,4,1,10,10,8,9,2,11
"ThisHouse","TracieSpencer",1990,1,2,2,1,2,6,5,6,3,7,2,11,13,10,8
"ThisLittleGirl","Dion",1963,1,1,2,3,4,2,3,5,7,4,7,3,4,3,6
"ThisShouldGoOnForever","RodBernard",1959,1,1,2,3,5,3,4,3,6,8,4,6,7,5,5
"ThisSong","GeorgeHarrison",1977,1,1,1,4,3,5,6,4,5,1,9,2,6,14,12
"ThoseLazy-Hazy-CrazyDaysOfSummer","NatKingCole",1963,1,1,1,4,3,5,6,8,5,1,9,2,6,14,12
"ThreeHeartsInATangle","RoyDrusky",1961,1,1,3,2,5,4,7,1,2,3,1,4,8,11,3
"ThreeTimesALady","TheCommodores",1978,1,2,2,1,2,3,4,3,6,8,8,9,7,6,4
"ThroughTheYears","KennyRogers",1981,1,1,1,4,3,5,6,8,5,1,9,2,6,14,12
"TillTheEndOfTheDay","TheKinks",1966,1,2,2,1,2,6,5,6,3,7,2,11,13,10,10
"TimeForMeToFly","REOSpeedwagon",1980,1,2,3,2,1,1,1,7,8,2,5,1,5,9,2
"TimeIsOnMySide","RollingStones",1964,1,1,1,4,3,5,6,4,5,6,9,2,6,12,9
"TimeWillReveal","Debarge",1984,1,2,1,4,3,5,6,8,5,1,9,2,6,14,12
"Tonight,Tonight,Tonight","Genesis",1987,1,1,2,3,4,6,5,6,3,7,2,11,13,1,11
"TooManyRivers","BrendaLee",1965,1,1,1,4,3,5,6,8,5,1,9,2,6,4,13
"TooWeakToFight","ClarenceCarter",1968,1,2,3,2,1,1,1,7,8,2,5,1,5,9,2
"TornBetweenTwoLovers","MaryMacGregor",1976,1,1,1,4,3,5,6,8,5,1,9,2,6,4,13
"TownWithout","GenePitney",1961,1,1,2,3,5,4,7,4,1,10,10,8,9,2,11
"TrampledUnderFoot","LedZeppelin",1975,1,2,3,1,2,6,5,6,3,7,2,10,1,1,15
"TreatHerLikeALady","CorneliusBrothers&SisterRose",1971,1,2,3,2,1,1,2,2,4,9,11,10,1,13,15
"TreatHerRight","RoyHead",1965,1,2,3,2,1,1,1,7,8,2,5,1,5,9,2
"TRUE","SpandauBallet",1983,NA,NA,NA,NA,NA,NA,NA,NA,NA,NA,NA,NA,NA,NA,NA
"TrueColors","CyndiLauper",1986,1,2,3,2,5,3,4,3,6,8,8,9,7,6,4
"TryingToLiveMyLifeWithoutYou","BobSeger&TheSilverBulletBand",1981,1,1,3,3,5,4,7,1,2,3,1,4,8,11,3
"TuffEnuff","TheFabulousThunderbirds",1986,1,2,3,2,1,1,2,2,4,9,11,10,1,13,15
"TumblingDice","TheRollingStones",1972,1,1,2,3,5,4,7,4,1,10,4,6,9,5,5
"TwistingtheNightAway","RodStewart",1987,1,1,2,3,4,2,3,5,7,4,7,3,4,3,6
"TwoHearts","PhilCollins",1989,1,1,2,3,4,3,3,4,1,10,8,8,7,6,4
"UnchainedMelody","TheRighteousBrothers",1965,1,1,2,3,4,2,3,5,7,4,7,3,2,3,6
"UndercoverAngel","AlanO'Day",1977,1,1,3,2,5,4,7,1,2,3,1,4,8,11,3
"Unforgettable","DinahWashington",1959,1,2,3,2,1,3,4,3,6,8,8,9,3,13,1
"UnskinnyBop","Poison",1990,1,2,3,2,1,1,2,2,4,5,6,12,10,7,7
"UpsideDown","DianaRoss",1980,1,2,2,1,2,6,5,6,3,7,2,10,1,10,15
"Venus","Bananarama",1986,1,1,3,2,5,4,7,1,2,3,1,4,8,11,3
"WaitingOnAFriend","RollingStones",1982,1,1,2,3,4,2,3,5,7,4,7,3,4,3,14
"WakeMeUpBeforeYouGo-Go","Wham!",1984,1,1,2,3,5,3,4,3,6,8,8,9,7,6,4
"WalkingInMemphis","MarcCohn",1991,1,1,2,3,4,2,3,5,7,4,7,3,4,3,6
"WalkLikeAMan","GrandFunkRailroad",1973,1,2,3,2,1,1,2,2,4,5,6,12,10,7,7
"WalkOnTheWildSide(Part1)","JimmySmith",1962,1,1,3,2,5,4,7,1,2,3,1,4,8,11,3
"WalkRightBack","TheEverlyBrothers",1961,1,2,2,1,2,6,4,3,6,8,4,6,11,5,5
"WalkRightIn","TheMoments",1963,1,1,1,4,3,5,6,8,5,1,9,2,6,4,13
"WalkThisWay","Run-D.M.C.",1986,1,2,3,2,1,1,2,2,4,9,11,5,3,13,1
"WannaBeStartin'Somethin'","MichaelJackson",1983,1,2,2,1,2,3,4,3,6,8,8,9,7,6,4
"War","EdwinStarr",1970,1,2,2,1,2,6,2,2,4,9,11,5,3,10,8
"We'reAllAlone","RitaCoolidge",1977,1,2,3,2,1,3,4,3,6,8,8,9,3,14,12
"WeAreTheChampions","Queen",1978,1,1,1,4,4,2,3,5,7,4,7,3,4,3,6
"WeDon'tTalkAnymore","CliffRichard",1979,1,2,3,2,1,3,4,3,6,8,8,9,2,8,4
"WeDontNeedAnotherHero(Thunderdome)","TinaTurner",1985,1,1,2,3,4,2,3,4,1,10,4,6,11,5,5
"Wendy","TheBeachBoys",1964,1,1,1,4,3,3,4,3,5,1,9,9,7,14,12
"WeTwo","LittleRiverBand",1983,1,2,3,2,1,1,1,7,8,2,5,1,5,9,2
"What'sLoveGotToDoWithIt","TinaTurner",1984,1,2,2,1,2,6,5,6,3,7,2,11,13,10,10
"WhatHaveIDoneToDeserveThis?","PetShopBoys",1988,1,2,2,1,2,3,4,3,6,8,8,9,7,6,4
"WhatYouSeeIsWhatYouGet","TinaTurner",1987,1,1,2,3,4,2,3,4,1,10,10,8,9,2,11
"Wheels","TheString-A-Longs",1961,1,1,2,3,5,4,7,1,2,3,4,6,11,5,5
"WhenIt'sLove","VanHalen",1988,1,1,2,3,5,4,7,1,2,3,1,10,1,1,15
"WhenWillIBeLoved","LindaRonstadt",1975,1,1,2,3,4,2,3,4,1,10,10,8,9,2,11
"WhereAreYou","DinahWashington",1962,1,1,1,4,3,5,6,8,5,1,9,2,6,14,12
"WhereDoYouWannaGo","TheFifthDimension",1967,1,2,3,2,1,1,2,2,4,9,11,5,3,13,1
"WhereOrWhen","Dion",1960,1,1,2,3,4,2,3,5,7,4,7,3,4,3,6
"WhereTheStreetsHaveNoNames","PetShopBoys",1991,1,2,2,1,2,3,4,3,6,8,8,9,7,6,4
"WhiteChristmas","BingCrosby",1962,1,2,3,2,5,4,2,1,2,3,1,4,8,11,3
"WhiteWedding","BillyIdol",1983,1,2,3,2,1,1,2,2,4,5,6,12,10,7,7
"WhoWearsTheseShoes","EltonJohn",1984,1,1,3,2,5,4,7,1,2,3,1,4,8,11,7
"WhoWillYouRunTo","Heart",1987,1,2,2,1,1,1,1,7,8,2,5,1,5,9,2
"WichitaLineman","GlenCampbell",1969,1,2,3,2,1,1,1,7,8,2,5,1,2,8,2
"WildHorses","RollingStones",1971,1,2,3,2,1,1,1,7,8,2,5,1,5,9,2
"WillieAndTheHandJive","EricClapton",1974,1,1,2,3,5,4,7,1,2,3,1,4,8,2,3
"WillieNelson","BlueEyesCryin'",1975,1,1,3,2,5,4,7,1,2,3,1,4,8,11,3
"WillTheWolfSurvive","LosLobos",1985,1,2,3,2,1,1,1,7,8,2,5,1,5,9,2
"WillYouLoveMeTomorrow","TheShirelles",1961,1,1,2,3,4,2,3,5,7,4,7,3,4,3,6
"WishSomeoneWouldCare","IrmaThomas",1964,1,1,2,3,4,2,3,5,7,4,7,3,4,3,6
"WithALittleHelpFromMyFriends","JoeCocker",1968,1,1,1,4,3,5,6,8,9,5,6,12,10,7,7
"WithaLittleLuck","PaulMcCartney",1978,1,2,3,2,1,1,2,2,4,9,11,5,3,13,1
"WithOrWithoutYou","U2",1987,1,2,3,2,1,1,1,7,8,2,4,1,5,5,5
"WithYouI'mBornAgain","BillyPreston",1979,1,1,1,4,3,5,6,4,9,6,3,7,12,12,9
"WomanToWoman","ShirleyBrown",1975,1,2,2,1,2,6,4,3,6,8,8,9,11,10,8
"WonderfulWorld,BeautifulPeople","JimmyCliff",1969,1,1,3,2,5,4,7,1,2,3,1,4,8,8,3
"WorldInMyEyes","DepecheMode",1990,1,2,3,2,1,1,2,2,4,9,11,5,3,13,1
"WorriedGuy","JohnnyTillotson",1964,1,1,2,3,4,3,3,5,7,4,7,3,4,3,6
"WouldItMakeAnyDifferenceToYou","EttaJames",1963,1,1,2,3,4,2,3,4,1,10,10,8,9,2,11
"YearsAgo","GeorgeHarrison",1981,1,1,1,4,3,5,6,8,5,1,9,2,6,4,13
"YearsFromNow","Dr.Hook",1980,1,1,1,4,3,5,6,4,9,6,4,7,2,12,9
"You'reTheFirst,TheLast,MyEverything","BarryWhite",1974,1,1,1,4,3,5,6,8,5,1,9,2,6,14,12
"You'vegotaFriend","RobertaFlackandDonnyHathaway",1971,1,1,1,4,3,5,6,8,5,1,9,2,6,14,12
"You'veGotAnotherThingComin'","JudasPriest",1982,1,1,3,2,5,4,7,1,2,5,6,10,1,7,15
"YouCan'tJudgeABookByTheCover","BoDiddley",1962,1,2,3,2,1,1,1,7,8,2,5,1,5,9,2
"YouCan'tRollerSkateInABuffaloHerd","RogerMiller",1966,1,1,1,4,3,5,6,8,9,6,3,7,12,12,9
"YouCanCallMeAl","PaulSimon",1986,1,1,2,3,4,2,3,4,1,10,4,6,11,5,5
"YouDecoratedMyLife","KennyRogers",1980,1,2,3,2,1,1,1,7,8,2,5,1,2,8,2
"YouDon'tOwnMe","LesleyGore",1964,1,1,2,3,4,2,3,5,7,4,7,3,4,3,6
"YouMakeMeFeelLikeDancing","LeoSayer",1977,1,1,1,4,3,5,6,8,5,1,9,2,6,4,13
"YoungHeartsRunFree","CandiStaton",1976,1,1,3,2,5,4,7,1,2,3,1,4,8,11,3
"YourLoveHasLiftedMeHigher","RitaCoolidge",1977,1,2,2,1,2,3,4,3,6,8,8,9,7,6,4
"YouTookTheWordsRightOutOfMyMouth","MeatLoaf",1978,1,1,2,3,5,4,7,1,1,3,10,8,2,8,11
"YvonneElliman","IfICan'tHaveYou",1978,1,2,3,2,1,1,2,2,4,5,6,12,10,7,7
