song,artist,year,c1,c2,c3,c4,c5,c6,c7,c8,c9,c10,c11,c12,c13,c14,c15
(Iwas)BornToCry,Dion,1962,all,auth,plagal,plagal,tonic,tonic,tonic,tonic,tonic,tonic,TL1,tonic,tonic,X-IVorV-I,I-IVorV-I
(LastNight)IDidn'tGetToSleepAtAll,The5thDimension,1972,all,auth,auth,auth,auth,auth,auth,doowop,doowop,doowop,doowop,doowop,doowop,DW-IV,DW-IV
(Sittin'On)TheDockOfTheBay,OtisRedding,1968,all,plagal,auth,D5,modal,misc,misc,D5noV,misc,D5noV,I-II-I,D5noV,I-II-I,TE-4/5,I-II-I
"(You'reSoSquare)Baby,IDon'tCare",JoniMitchell,1982,all,plagal,plagal,plagal,tonic,tonic,tonic,tonic,DP,misc,TL1,misc,tonic,I-IV-I,I-IVorV-I
20-75,WillieMitchell,1964,all,auth,D5,A5D5,D5,D5,D5,D5,tonic,II-V-I,TLminor,TL/251,TL/251,I-IVorV-I,X-V-I
50WaysToLeaveYourLover,PaulSimon,1976,all,plagal,plagal,plagal,tonic,tonic,tonic,tonic,tonic,tonic,TL1,tonic,tonic,X-IVorV-I,I-IVorV-I
Abacab,Genesis,1982,all,plagal,auth,D5,modal,modal,minor,minor,minor,minor,minor,minorD5,minor,modal,minor
"Abraham,MartinAndJohn",Dion,1968,all,plagal,plagal,plagal,plagal,plagal,blues,plagal,blues,blues,blues,subdom,blues,blues/TE4,II-IV-V-I
AbsolutelyRight,FiveManElectricalBand,1971,all,auth,D5,A5D5,D5,D5,D5,D5,tonic,II-V-I,TLminor,TL/251,TL/251,I-IVorV-I,X-V-I
ACowboy'sWorkIsNeverDone,Sonny&Cher,1972,all,auth,auth,auth,tonic,tonic,tonic,tonic,tonic,tonic,I-V-I,I-V-I,I-V-I,X-V-I2,I-V-I
AddictedtoLove,RobertPalmer,1986,all,plagal,plagal,plagal,plagal,plagal,DP,DP,DP,DP,DP/251,DP,DP,DP,DP
ADreamGoesOnForever,ToddRundgren,1974,all,auth,D5,A5D5,D5,D5,D5,D5,D5,D5,D5,D5,D5,D5,D5
AfterTheLoveHasGone,"Earth,Wind&Fire",1979,all,auth,D5,auth,auth,auth,auth,doowop,doowop,doowop,doowop,doowop,doowop,DW-IV,DP
AftertheLovin',EngelbertHumperdinck,1977,all,auth,D5,A5D5,D5,D5,D5,D5,D5,D5,D5,D5,D5,DW-II,DW-II
AgainstTheWind,BobSeger,1980,all,plagal,plagal,plagal,plagal,plagal,blues,plagal,blues,blues,blues,subdom,misc,TE-4/5,II-IV-V-I
AHazyShadeOfWinter,SimonAndGarfunel,1966,all,auth,auth,D5,modal,modal,minor,minor,minor,minor,minor,minorD5,minor,modal,minor
Ain'tNoSunshine,BillWithers,1971,all,plagal,plagal,plagal,plagal,plagal,blues,plagal,blues,blues,blues,subdom,blues,blues/TE4,blues
Ain'tTooProudToBeg,TheTemptations,1966,all,plagal,plagal,plagal,plagal,plagal,DP,DP,DP,misc,DTL,misc,I-IV-I,I-IV-I,I-IV-I
ALessoninLeavin,DottieWest,1980,all,auth,auth,auth,auth,auth,auth,doowop,doowop,doowop,doowop,doowop,misc,TE-4/5,DW-IV
AliveAgain,Chicago,1978,all,auth,auth,auth,tonic,tonic,tonic,tonic,tonic,tonic,class,X-V-I,I-V-I,DP,II-IV-V-I
AllAloneAmI,BrendaLee,1962,all,auth,D5,A5D5,D5,D5,D5,D5,tonic,II-V-I,TLminor,TL/251,TL/251,I-IVorV-I,X-V-I
AllIEverNeedIsYou,Sonny&Cher,1971,all,auth,D5,A5D5,D5,D5,D5,D5,D5,D5,D5,D5,D5,D5,D5
Allshewantsis,DuranDuran,1989,all,plagal,auth,D5,modal,modal,misc,D5noV,misc,D5noV,I-II-I,D5noV,I-V-I,modal,lament
AllThisTime,Sting,1991,all,auth,plagal,plagal,tonic,tonic,tonic,tonic,tonic,tonic,TL1,tonic,tonic,X-IVorV-I,I-IVorV-I
AllThroughTheNight,CyndiLauper,1984,all,auth,D5,A5D5,D5,D5,D5,D5,tonic,II-V-I,TLminor,TL/251,TL/251,I-IVorV-I,X-V-I
AlmostbyBeingInLove,MichaelJohnson,1978,all,plagal,auth,D5,modal,modal,minor,minor,minor,minor,minor,minorD5,minor,minor,minor
AlmostGrown,ChuckBerry,1959,all,plagal,plagal,plagal,plagal,plagal,blues,plagal,blues,blues,blues,subdom,blues,blues/TE4,blues
AlongComesAWoman,Chicago,1985,all,auth,auth,auth,auth,auth,auth,doowop,doowop,doowop,I-V-I,I-V-I,misc,X-V-I2,I-V-I
ALoveSong,AnneMurray,1974,all,auth,D5,A5D5,D5,D5,D5,D5,tonic,II-V-I,TLminor,TL/251,TL/251,I-IVorV-I,X-V-I
AlreadyGone,TheEagles,1974,all,plagal,plagal,plagal,plagal,plagal,blues,plagal,blues,blues,blues,subdom,blues,blues/TE4,blues
AlwaysonMyMind,PetShopBoys,1988,all,plagal,auth,auth,auth,auth,blues,X-V-I,X-V-I,IV-V-I,I-V-I,I-V-I,I-V-I,X-V-I2,II-IV-V-I
Amanda,Boston,1986,all,auth,plagal,plagal,tonic,misc,tonic,tonic,tonic,tonic,TL1,tonic,misc,TE-4/5,I-II-I
AmericanStorm,BobSeger,1986,all,auth,D5,A5D5,D5,D5,D5,D5,tonic,II-V-I,TLminor,TL/251,TL/251,I-IVorV-I,X-V-I
Amie,PurePrairieLeague,1975,all,auth,D5,A5D5,D5,D5,D5,D5,tonic,DP,DP/251,DP,DP,DP,DP
Amor,BenE.King,1961,all,auth,D5,A5D5,D5,D5,D5,D5,tonic,II-V-I,TLminor,TL/251,TL/251,I-IVorV-I,X-V-I
AndSheWas,TalkingHeads,1985,all,plagal,plagal,plagal,plagal,plagal,DP,DP,DP,misc,DP/251,misc,I-IV-I,I-IV-I,DP
AnInnocentMan,BillyJoel,1984,all,auth,auth,auth,auth,auth,auth,X-V-I,X-V-I,IV-V-I,class,X-V-I,IV-V-I,X-V-I1,II-IV-V-I
Annie'sSong,JohnDenver,1974,all,plagal,D5,A5D5,auth,auth,auth,X-V-I,X-V-I,IV-V-I,blues,X-V-I,IV-V-I,D5,II-IV-V-I
AnotherBrickInTheWall(PartII),PinkFloyd,1980,all,plagal,plagal,plagal,plagal,modal,DP,DP,minor,misc,DTL,misc,I-IV-I,I-IV-I,I-IV-I
AnotherRainyDayinNewYorkCity,Chicago,1976,all,auth,auth,D5,D5,misc,misc,D5noV,D5,D5noV,D5,I-V-I,I-V-I,D5,D5
AreYouSureHankDoneItThisWay,WaylonJennings,1975,all,plagal,plagal,plagal,plagal,plagal,DP,DP,DP,misc,DTL,misc,I-IV-I,I-IV-I,I-IV-I
AskMe,ElvisPresley,1964,all,auth,D5,A5D5,D5,D5,D5,D5,D5,D5,D5,D5,D5,DW-II,DW-II
AsUsual,BrendaLee,1964,all,auth,D5,A5D5,D5,D5,D5,D5,tonic,II-V-I,TLminor,TL/251,TL/251,I-IVorV-I,X-V-I
ATrickOfTheNight,Bananarama,1987,all,plagal,auth,D5,modal,modal,minor,minor,minor,minor,minor,minorsubdom,minPuff,minor,minPuff
AVerySpecialLoveSong,CharlieRich,1974,all,plagal,plagal,plagal,plagal,misc,misc,D5noV,misc,D5noV,I-II-I,D5noV,I-II-I,I-II-I,I-II-I
"Baby,BabyDon'tCry",TheMiracles,1969,all,plagal,plagal,plagal,plagal,misc,DP,D5noV,misc,DP,DP/251,DP,DP,DP,DP
BabyCanIHoldYou,TracyChapman,1989,all,auth,D5,A5D5,D5,D5,D5,D5,tonic,II-V-I,TLminor,TL/251,TL/251,I-IVorV-I,X-V-I
BabyComeBack,Player,1978,all,plagal,auth,D5,modal,misc,misc,D5noV,misc,D5noV,DP/251,DP,DP,DP,DP
BabyDon'tChangeYourMind,GladysKnight&ThePips,1977,all,plagal,plagal,plagal,plagal,plagal,blues,plagal,blues,blues,blues,subdom,blues,blues/TE4,blues
BabyDon'tGo,Sonny&Cher,1965,all,plagal,plagal,plagal,plagal,misc,DP,DP,DP,misc,DTL,misc,I-IV-I,I-IV-I,I-IV-I
BabyDontForgetMyNumber,MilliVanilli,1989,all,plagal,plagal,D5,modal,modal,DP,DP,minor,minor,DTL,minorD5,I-IV-I,modal,minor
BabyI'mBurnin',DollyParton,1979,all,plagal,plagal,plagal,plagal,plagal,DP,DP,DP,misc,DTL,misc,I-IV-I,I-IV-I,I-IV-I
BabyWhatYouWantMeToDo,JimmyReed,1960,all,auth,plagal,plagal,tonic,tonic,tonic,tonic,tonic,tonic,TL1,tonic,tonic,X-IVorV-I,I-IVorV-I
BabyWorkout,JackieWilson,1963,all,plagal,plagal,plagal,plagal,plagal,blues,plagal,blues,blues,blues,subdom,blues,blues/TE4,blues
BabyYou'reRight,JamesBrown,1961,all,auth,auth,auth,tonic,tonic,tonic,tonic,tonic,tonic,class,X-V-I,I-V-I,X-V-I1,II-IV-V-I
BackHomeAgain,JohnDenver,1974,all,auth,auth,auth,auth,auth,auth,X-V-I,X-V-I,IV-V-I,class,X-V-I,IV-V-I,X-V-I1,IV-V-I
BackintheHighLifeAgain,SteveWinwood,1987,all,auth,plagal,plagal,tonic,tonic,tonic,tonic,tonic,tonic,TL1,tonic,tonic,X-IVorV-I,I-IVorV-I
BadMoonRising,CreedenceClearwaterRevival,1969,all,plagal,plagal,plagal,plagal,plagal,blues,plagal,blues,blues,blues,subdom,blues,blues/TE4,blues
BeatIt,MichaelJackson,1983,all,plagal,auth,D5,modal,modal,minor,minor,minor,minor,minor,minorD5,minor,modal,minor
BecauseILoveYou,StevieB,1991,all,auth,auth,auth,tonic,tonic,tonic,X-V-I,X-V-I,IV-V-I,class,X-V-I,IV-V-I,D5,D5
BehindClosedDoors,CharlieRich,1973,all,auth,D5,A5D5,D5,D5,D5,D5,tonic,II-V-I,TLminor,TL/251,TL/251,I-IVorV-I,X-V-I
BeMyBaby,TheRonettes,1963,all,auth,D5,A5D5,D5,D5,D5,D5,D5,D5,D5,D5,D5,D5,D5
BeMyGuest,FatsDomino,1959,all,auth,plagal,plagal,tonic,tonic,tonic,tonic,tonic,tonic,TL1,tonic,tonic,X-IVorV-I,I-IVorV-I
BestOfMyLove,Eagles,1975,all,auth,auth,auth,tonic,misc,misc,D5noV,misc,D5noV,I-II-I,D5noV,I-II-I,I-II-I,I-II-I
BestThingThatEverHappenedToMe,GladysKnight&ThePips,1974,all,auth,D5,A5D5,D5,D5,D5,D5,D5,D5,D5,D5,D5,DW-II,DW-II
BetterThings,TheKinks,1981,all,auth,D5,A5D5,D5,D5,D5,D5,D5,D5,D5,D5,D5,DW-II,DW-II
BigIron,MartyRobbins,1960,all,plagal,plagal,plagal,plagal,plagal,DP,DP,DP,doowop,doowop,doowop,I-IV-I,D5,I-IV-I
BigYellowTaxi,JoniMitchell,1975,all,plagal,plagal,plagal,plagal,plagal,DP,DP,DP,misc,DTL,misc,I-IV-I,I-IV-I,I-IV-I
BirdDog,TheEverlyBrothers,1958,all,plagal,plagal,plagal,tonic,tonic,tonic,tonic,tonic,tonic,TL1,tonic,tonic,X-IVorV-I,I-IVorV-I
BlackCars,GinoVannelli,1985,all,plagal,plagal,plagal,plagal,plagal,DP,DP,DP,misc,DTL,misc,I-IV-I,I-IV-I,I-IV-I
BlowAway,GeorgeHarrison,1979,all,auth,auth,auth,auth,auth,misc,D5noV,doowop,doowop,doowop,doowop,I-V-I,DW-IV,DP
BluebirdsOverTheMountain,TheBeachBoys,1969,all,auth,D5,A5D5,D5,D5,D5,D5,tonic,II-V-I,TLminor,TL/251,TL/251,I-IVorV-I,X-V-I
BlueJean,DavidBowie,1984,all,plagal,plagal,plagal,plagal,plagal,DP,DP,DP,DP,DP/251,DP,DP,DP,DP
BongoStomp,LittleJoey&TheFlips,1962,all,auth,auth,auth,auth,auth,auth,doowop,doowop,doowop,doowop,doowop,doowop,DW-IV,DW-IV
BornToBeAlive,PatrickHernandez,1979,all,auth,auth,D5,modal,modal,minor,minor,minor,minor,minor,minorD5,I-V-I,modal,lament
BornToBeWild,Steppenwolf,1968,all,plagal,plagal,plagal,plagal,plagal,DP,DP,DP,misc,DTL,minorsubdom,minPuff,I-IV-I,minPuff
Boulevard,JacksonBrowne,1980,all,plagal,plagal,plagal,plagal,plagal,blues,plagal,blues,blues,blues,subdom,blues,blues/TE4,blues
Brandy,LookingGlass,1972,all,plagal,plagal,plagal,plagal,plagal,blues,plagal,DP,DP,DP/251,DP,DP,DP,DP
BrassMonkey,BeastieBoys,1987,all,plagal,auth,D5,modal,modal,misc,D5noV,misc,D5noV,I-II-I,D5noV,I-V-I,modal,lament
BreakingUpIsHardToDo,NeilSedaka,1976,all,auth,D5,A5D5,D5,D5,D5,D5,D5,D5,D5,D5,D5,DW-II,DW-II
BreakItToMeGently,JuiceNewton,1982,all,plagal,plagal,plagal,plagal,misc,blues,plagal,blues,blues,blues,subdom,blues,blues/TE4,blues
Breezin',GeorgeBenson,1976,all,auth,D5,A5D5,D5,D5,D5,D5,D5,D5,D5,D5,D5,DW-II,DW-II
BurningDownTheHouse,TalkingHeads,1983,all,plagal,auth,D5,modal,plagal,DP,DP,DP,misc,DTL,minorsubdom,minPuff,I-IV-I,minPuff
BustAMove,YoungMC,1990,all,plagal,plagal,plagal,plagal,plagal,DP,DP,DP,misc,DTL,minorsubdom,minPuff,I-IV-I,minPuff
BuyForMeTheRain,NittyGrittyDirtBand,1967,all,auth,auth,D5,modal,modal,minor,minor,minor,minor,minor,minorD5,minor,modal,minor
CaliforniaNights,LeslieGore,1967,all,auth,D5,A5D5,D5,D5,D5,D5,D5,D5,D5,D5,D5,D5,D5
CanWeStillBeFriends,ToddRundgren,1978,all,plagal,auth,D5,modal,modal,minor,minor,minor,minor,minor,minorD5,minor,modal,lament
Carrie,CliffRichard,1980,all,plagal,auth,D5,modal,modal,minor,minor,minor,minor,minor,minorD5,minor,modal,minor
Carrie-Anne,TheHollies,1967,all,auth,plagal,auth,tonic,tonic,tonic,tonic,tonic,tonic,TL1,tonic,tonic,X-IVorV-I,I-IVorV-I
CarryMe,"DavidCrosby,GrahamNash",1975,all,plagal,plagal,plagal,plagal,plagal,blues,plagal,blues,blues,I-V-I,I-V-I,blues,X-V-I2,I-V-I
CatchMyFall,BillyIdol,1985,all,auth,auth,auth,auth,auth,auth,X-V-I,X-V-I,IV-V-I,I-V-I,I-V-I,I-V-I,X-V-I2,I-V-I
CaughtUpInTheRapture,AnitaBaker,1987,all,auth,D5,A5D5,D5,D5,D5,D5,D5,D5,D5,D5,D5,D5,D5
Cecilia,Simon&Garfunkel,1970,all,plagal,plagal,plagal,plagal,plagal,blues,plagal,blues,blues,blues,subdom,blues,blues/TE4,blues
ChainedAndBound,OtisRedding,1964,all,auth,plagal,plagal,tonic,tonic,tonic,tonic,tonic,tonic,TL1,tonic,tonic,X-IVorV-I,I-IVorV-I
ChainOfFools,ArethaFranklin,1967,all,plagal,auth,D5,modal,modal,misc,D5noV,misc,D5noV,I-II-I,D5noV,I-V-I,modal,lament
Chicago,GrahamNash,1971,all,auth,auth,D5,modal,modal,minor,minor,minor,minor,minor,minorD5,minor,modal,lament
Chiquitita,ABBA,1979,all,plagal,plagal,plagal,plagal,plagal,blues,plagal,blues,blues,blues,subdom,blues,blues/TE4,blues
CityInTheSky,TheStapleSingers,1974,all,plagal,plagal,plagal,plagal,plagal,blues,plagal,blues,blues,blues,subdom,blues,blues/TE4,blues
ColdSweat-Part1,JamesBrown,1967,all,plagal,auth,D5,modal,modal,minor,minor,minor,minor,minor,minorD5,minor,modal,lament
ComeAndGetYourLove,Redbone,1974,all,auth,D5,A5D5,D5,D5,D5,D5,D5,D5,D5,D5,D5,DW-II,DW-II
ComeMonday,JimmyBuffett,1974,all,auth,auth,auth,auth,auth,auth,X-V-I,X-V-I,IV-V-I,class,X-V-I,misc,TE-4/5,II-IV-V-I
ComeTogether,TheBeatles,1969,all,plagal,plagal,plagal,plagal,plagal,blues,plagal,blues,blues,I-V-I,I-V-I,blues,X-V-I2,I-V-I
Comin'HomeBaby,MelTorme,1962,all,plagal,auth,D5,modal,modal,minor,minor,minor,minor,minor,minorD5,minor,modal,minor
ComingOnStrong,BrendaLee,1966,all,auth,auth,auth,auth,auth,auth,doowop,doowop,doowop,doowop,doowop,doowop,DW-IV,DW-IV
CouldIHaveThisDance,AnneMurray,1980,all,auth,D5,A5D5,D5,D5,D5,X-V-I,tonic,II-V-I,TLminor,TL/251,TL/251,I-IVorV-I,X-V-I
CountOnMe,JeffersonStarship,1978,all,auth,D5,A5D5,D5,D5,D5,D5,D5,II-V-I,D5,D5,D5,DW-II,DW-II
CountryRoad,JamesTaylor,1971,all,plagal,D5,A5D5,plagal,plagal,DP,DP,tonic,DP,DP/251,DP,DP,DP,DP
CrackerboxPalace,GeorgeHarrison,1977,all,plagal,plagal,plagal,plagal,plagal,blues,plagal,blues,blues,blues,subdom,blues,blues/TE4,blues
CrazyOnYou,Heart,1978,all,auth,auth,D5,modal,modal,minor,minor,minor,minor,minor,minorD5,minor,minor,IV-V-I
Cruisin',SmokeyRobinson,1980,all,auth,auth,auth,tonic,misc,misc,D5noV,misc,D5noV,I-II-I,D5noV,I-II-I,I-II-I,I-II-I
CryingTime,RayCharles,1965,all,auth,D5,A5D5,D5,D5,D5,D5,tonic,II-V-I,TLminor,TL/251,TL/251,I-IVorV-I,X-V-I
CryLikeABaby,TheBoxTops,1968,all,plagal,plagal,plagal,plagal,plagal,blues,plagal,blues,blues,blues,subdom,blues,blues/TE4,blues
CrySoftlyLonelyOne,RoyOrbison,1967,all,auth,D5,A5D5,D5,D5,D5,D5,tonic,II-V-I,TLminor,TL/251,TL/251,I-IVorV-I,X-V-I
CrystalBluePersuasion,TommyJames,1969,all,plagal,plagal,plagal,plagal,misc,misc,D5noV,misc,D5noV,I-II-I,D5noV,I-II-I,I-II-I,I-II-I
Daddy'sHome,CliffRichard,1982,all,auth,D5,A5D5,D5,D5,D5,D5,D5,D5,D5,D5,D5,DW-II,DW-II
DanceAway,Roxy,1979,all,auth,auth,auth,auth,auth,auth,doowop,doowop,doowop,doowop,doowop,doowop,DW-IV,DW-IV
DanceHallDays,WangChung,1984,all,plagal,plagal,plagal,plagal,plagal,blues,plagal,blues,blues,blues,subdom,blues,blues/TE4,blues
DancingMachine,TheJacksons,1974,all,plagal,plagal,plagal,plagal,plagal,DP,DP,DP,misc,DTL,minorsubdom,minPuff,I-IV-I,minPuff
Dandelion,RollingStones,1967,all,plagal,auth,D5,modal,misc,misc,D5noV,misc,D5noV,I-II-I,D5noV,I-II-I,I-II-I,I-II-I
DaydreamBeliever,AnneMurray,1980,all,auth,D5,A5D5,tonic,tonic,D5,D5,D5,D5,D5,D5,D5,DW-II,DW-II
DeeperShadeOfSoul,UrbanDanceSquad,1991,all,plagal,plagal,plagal,plagal,plagal,blues,plagal,blues,blues,blues,subdom,blues,blues/TE4,blues
DetroitCity,BobbyBare,1963,all,auth,plagal,plagal,tonic,tonic,tonic,tonic,tonic,tonic,TL1,tonic,tonic,X-IVorV-I,I-IVorV-I
DevilWoman,CliffRichard,1976,all,auth,auth,D5,modal,modal,minor,minor,minor,minor,minor,minorD5,minor,modal,minor
DialMyHeart,TheBoys,1988,all,auth,D5,A5D5,D5,D5,D5,D5,tonic,II-V-I,I-V-I,I-V-I,I-V-I,X-V-I2,I-V-I
DirtyWater,RockAndHyde,1987,all,plagal,plagal,plagal,plagal,plagal,blues,plagal,blues,blues,blues,subdom,blues,blues/TE4,blues
DiscoInferno,TheTrammps,1977,all,auth,auth,auth,tonic,tonic,tonic,tonic,tonic,tonic,class,X-V-I,tonic,X-V-I1,IV-V-I
DoesAnybodyReallyKnowWhatTimeItIs,Chicago,1970,all,plagal,plagal,plagal,modal,modal,DP,DP,minor,tonic,DTL,minorD5,tonic,modal,I-IV-I
DoIDo,StevieWonder,1982,all,auth,auth,auth,auth,auth,auth,X-V-I,X-V-I,IV-V-I,class,X-V-I,IV-V-I,D5,IV-V-I
Don'tAskMeWhy,BillyJoel,1980,all,auth,D5,A5D5,D5,D5,D5,D5,tonic,D5,TLminor,TL/251,TL/251,D5,D5
Don'tKnockMyLove-Pt.1,WilsonPickett,1971,all,plagal,plagal,D5,modal,modal,DP,DP,DP,misc,DTL,misc,I-IV-I,modal,lament
Don'tLeaveMeThisWay,ThelmaHouston,1977,all,plagal,auth,D5,modal,modal,minor,minor,minor,minor,minor,minorD5,minor,modal,minor
Don'tSayYouLoveMe,BillySquier,1989,all,plagal,plagal,plagal,plagal,plagal,DP,DP,DP,misc,DP/251,misc,I-IV-I,I-IV-I,DP
Don'tstandsoclosetome,Police,1981,all,plagal,auth,D5,modal,modal,misc,D5noV,misc,D5noV,I-II-I,D5noV,I-V-I,modal,lament
Don'tTalkToStrangers,RickSpringfield,1982,all,plagal,auth,D5,modal,modal,misc,D5noV,misc,D5noV,I-II-I,D5noV,I-V-I,modal,lament
DonGibson,SeaofHeartbreak,1961,all,auth,auth,auth,auth,auth,auth,doowop,doowop,doowop,doowop,doowop,doowop,DW-IV,DW-IV
DontTreatMeBad,Firehouse,1991,all,auth,D5,auth,auth,auth,auth,X-V-I,X-V-I,IV-V-I,I-V-I,X-V-I,IV-V-I,D5,II-IV-V-I
DontYouKnowWhatTheNightCanDo,SteveWinwood,1988,all,plagal,auth,D5,modal,modal,minor,minor,minor,minor,minor,minorD5,minor,modal,minor
DooDooDooDooDoo,TheRollingStones,1974,all,plagal,plagal,plagal,plagal,plagal,DP,DP,DP,misc,DTL,misc,I-IV-I,I-IV-I,I-IV-I
DoubleShot(OfMyBaby'sLove),Swingin'Medallions,1966,all,auth,auth,auth,auth,auth,auth,doowop,doowop,doowop,doowop,doowop,doowop,DW-IV,DW-IV
DownAndOutInNewYorkCity,JamesBrown,1973,all,plagal,plagal,plagal,plagal,plagal,blues,plagal,blues,blues,blues,subdom,blues,blues/TE4,blues
DoYouLoveMe,TheContours,1988,all,auth,auth,auth,auth,auth,auth,X-V-I,X-V-I,IV-V-I,class,X-V-I,IV-V-I,X-V-I1,IV-V-I
Doyourthing,IsaacHayes,1972,all,plagal,auth,D5,modal,modal,misc,D5noV,misc,D5noV,I-II-I,D5noV,I-V-I,modal,lament
DoYouWantToKnowASecret,TheBeatles,1964,all,auth,D5,A5D5,auth,auth,auth,X-V-I,X-V-I,IV-V-I,class,X-V-I,IV-V-I,I-IVorV-I,X-V-I
DreamPolice,CheapTrick,1979,all,plagal,plagal,plagal,plagal,plagal,blues,plagal,blues,blues,DP/251,subdom,blues,blues/TE4,DP
Drivin'Wheel,Foghat,1977,all,plagal,plagal,plagal,plagal,plagal,blues,plagal,blues,DP,DP/251,DP,DP,DP,DP
DumDum,BrendaLee,1961,all,plagal,plagal,plagal,tonic,tonic,tonic,tonic,tonic,misc,TL1,tonic,tonic,X-IVorV-I,I-IVorV-I
DyerMaker,LedZepplin,1973,all,auth,auth,auth,auth,auth,auth,doowop,doowop,doowop,doowop,doowop,doowop,DW-IV,DW-IV
Easy,TheCommodores,1977,all,plagal,plagal,plagal,plagal,plagal,DP,DP,DP,DP,DP/251,DP,DP,DP,DP
EbonyEyes,TheEverlyBrothers,1961,all,auth,plagal,plagal,tonic,tonic,tonic,tonic,tonic,tonic,TL1,tonic,tonic,X-IVorV-I,I-IVorV-I
EchoesOfLove,TheDoobieBrothers,1977,all,auth,auth,auth,auth,auth,auth,X-V-I,X-V-I,IV-V-I,class,X-V-I,IV-V-I,X-V-I1,IV-V-I
EightDaysAWeek,TheBeatles,1965,all,plagal,plagal,plagal,plagal,misc,misc,D5noV,misc,D5noV,I-II-I,D5noV,I-IV-I,I-II-I,II-IV-V-I
EightMilesHigh,TheByrds,1966,all,plagal,auth,D5,modal,misc,misc,D5noV,misc,D5noV,I-II-I,D5noV,I-II-I,I-II-I,I-II-I
ElCondorPasa,Simon&Garfunkel,1970,all,plagal,plagal,plagal,plagal,plagal,DP,DP,DP,misc,DTL,misc,I-IV-I,I-IV-I,I-IV-I
EleanorRigby,RayCharles,1968,all,plagal,plagal,plagal,plagal,plagal,DP,DP,DP,misc,DTL,misc,I-IV-I,I-IV-I,I-IV-I
Elvira,OakRidgeBoys,1981,all,auth,plagal,plagal,tonic,tonic,tonic,tonic,tonic,tonic,TL1,tonic,tonic,X-IVorV-I,I-IVorV-I
EvenNow,BobSeger,1983,all,auth,auth,auth,tonic,misc,tonic,X-V-I,X-V-I,IV-V-I,class,X-V-I,I-II-I,I-II-I,I-II-I
EverlastingLove,CarlCarlton,1974,all,plagal,D5,D5,modal,misc,misc,D5noV,misc,D5noV,I-II-I,D5noV,I-II-I,D5,I-II-I
EverybodyLovesMebutYou,BrendaLee,1962,all,auth,auth,D5,modal,modal,minor,minor,minor,minor,minor,minorD5,I-V-I,D5,minor
EverybodyLovesSomebody,DeanMartin,1964,all,auth,auth,D5,modal,D5,misc,D5noV,D5,D5noV,D5,D5noV,D5,DW-II,DW-II
EveryLittleThingSheDoesIsMagic,ThePolice,1981,all,auth,auth,auth,auth,auth,auth,X-V-I,X-V-I,IV-V-I,class,X-V-I,IV-V-I,X-V-I1,IV-V-I
EveryTimeIThinkOfYou,TheBabys,1979,all,plagal,plagal,plagal,plagal,plagal,DP,DP,DP,misc,DTL,misc,I-IV-I,I-IV-I,I-IV-I
EvilWays,Santana,1970,all,auth,plagal,auth,tonic,tonic,tonic,tonic,tonic,tonic,TL1,tonic,tonic,X-V-I1,I-IVorV-I
EyeInTheSky,TheAllanParsonsProject,1982,all,plagal,auth,D5,modal,modal,minor,minor,minor,minor,minor,minorD5,minor,modal,lament
Fakinit,Simon&Garfunkel,1967,all,plagal,plagal,D5,modal,misc,misc,D5noV,misc,D5noV,I-II-I,D5noV,I-II-I,I-II-I,I-II-I
Feelin'Satisfied,Boston,1979,all,plagal,plagal,plagal,plagal,plagal,blues,plagal,blues,DP,DP/251,DP,DP,DP,DP
Feelin'StrongerEveryDay,Chicago,1973,all,auth,D5,A5D5,D5,D5,D5,D5,tonic,DP,DP/251,DP,DP,DP,DP
FeelLikeMakingLove,RobertaFlack,1974,all,auth,D5,A5D5,D5,D5,D5,D5,D5,D5,D5,D5,D5,DW-II,DW-II
Fernando,Abba,1976,all,auth,D5,A5D5,D5,D5,D5,D5,D5,D5,D5,D5,D5,DW-II,DW-II
Fever,PeggyLee,1958,all,auth,auth,auth,tonic,tonic,tonic,tonic,tonic,tonic,I-V-I,I-V-I,I-V-I,X-V-I2,I-V-I
FireAndIce,PatBenetar,1981,all,plagal,auth,D5,modal,modal,minor,minor,minor,minor,minor,minorD5,minor,minor,minor
FleshForFantasy,BillyIdol,1984,all,plagal,plagal,D5,modal,modal,DP,DP,minor,DP,DP/251,DP,DP,DP,minor
FloyJoy,TheSupremes,1972,all,plagal,auth,D5,modal,misc,misc,D5noV,misc,D5noV,I-II-I,D5noV,I-II-I,I-II-I,I-II-I
FoggyMountainBreakdown,Flatt&Scruggs,1968,all,auth,auth,auth,tonic,tonic,tonic,tonic,tonic,tonic,doowop,I-V-I,I-V-I,DW-IV,I-V-I
FoolThatIAm,EttaJames,1961,all,auth,D5,A5D5,D5,D5,D5,D5,tonic,II-V-I,TLminor,TL/251,TL/251,I-IVorV-I,X-V-I
ForeverMan,EricClapton,1985,all,plagal,auth,D5,modal,modal,minor,minor,minor,minor,minor,minorD5,minor,minor,minor
ForOl'TimesSake,ElvisPresley,1973,all,auth,D5,A5D5,D5,D5,D5,D5,tonic,II-V-I,TLminor,TL/251,TL/251,I-IVorV-I,X-V-I
ForTheGoodTimes,RayPrice,1970,all,auth,D5,A5D5,D5,D5,D5,D5,tonic,II-V-I,TLminor,TL/251,TL/251,I-IVorV-I,X-V-I
Frankenstein,EdgarWinter,1973,all,auth,auth,auth,tonic,tonic,tonic,tonic,tonic,tonic,class,minorD5,tonic,X-V-I1,lament
Freeze-Frame,J.GeilsBand,1982,all,plagal,plagal,plagal,plagal,plagal,blues,plagal,blues,DP,DP/251,DP,DP,DP,DP
FunnyGirl,BarbraStreisand,1964,all,plagal,D5,D5,modal,misc,misc,D5noV,misc,D5noV,I-II-I,D5noV,D5,D5,I-II-I
Galveston,GlenCampbell,1969,all,auth,D5,A5D5,auth,auth,auth,doowop,doowop,II-V-I,TLminor,TL/251,doowop,I-IVorV-I,X-V-I
Getaway,EarthWindandFire,1976,all,auth,auth,auth,auth,auth,auth,X-V-I,X-V-I,IV-V-I,class,X-V-I,IV-V-I,X-V-I1,IV-V-I
GetReady,RareEarth,1970,all,plagal,auth,D5,modal,plagal,DP,DP,DP,misc,DTL,misc,I-IV-I,I-IV-I,lament
GetTogether,TheYoungbloods,1969,all,auth,auth,auth,auth,auth,auth,X-V-I,X-V-I,IV-V-I,class,minorD5,IV-V-I,X-V-I1,IV-V-I
GetUp(IFeelLikeBeingLikeA)SexMachine(Part1),JamesBrown,1970,all,plagal,plagal,plagal,plagal,plagal,DP,DP,DP,misc,DTL,misc,I-IV-I,I-IV-I,I-IV-I
GhostbustersTheme,RayParkerJr,1984,all,plagal,plagal,plagal,plagal,plagal,DP,DP,DP,DP,DP/251,DP,DP,DP,DP
GirlImGonnaMissYou,MilliVanilli,1989,all,auth,auth,auth,tonic,misc,misc,D5noV,misc,D5noV,I-II-I,D5noV,I-II-I,I-II-I,I-II-I
GirlYouKnowItsTrue,MilliVanilli,1989,all,plagal,auth,D5,modal,modal,minor,minor,minor,minor,minor,minorD5,minor,minor,minor
GiveItToMeBaby,RickJames,1981,all,plagal,auth,D5,modal,modal,minor,minor,minor,minor,minor,minorD5,minor,modal,minor
GiveToLive,SammyHagar,1987,all,auth,D5,A5D5,auth,auth,auth,doowop,doowop,doowop,doowop,doowop,doowop,DW-IV,DW-IV
GivingYoutheBestThatIGot,AnitaBaker,1989,all,auth,auth,auth,auth,auth,auth,X-V-I,X-V-I,IV-V-I,I-V-I,X-V-I,misc,TE-4/5,II-IV-V-I
Gloria,LauraBranigan,1982,all,auth,plagal,plagal,tonic,tonic,tonic,tonic,tonic,tonic,TL1,tonic,tonic,X-IVorV-I,I-IVorV-I
Goin'Back,TheByrds,1967,all,auth,auth,auth,auth,auth,auth,X-V-I,X-V-I,IV-V-I,class,X-V-I,IV-V-I,D5,IV-V-I
GoingToAGo-Go,TheRollingStones,1982,all,plagal,auth,D5,modal,modal,misc,D5noV,misc,D5noV,I-II-I,D5noV,I-V-I,modal,lament
GoingToChicagoBlues,CountBasie,1958,all,auth,plagal,plagal,tonic,tonic,tonic,tonic,tonic,tonic,TL1,tonic,tonic,X-IVorV-I,I-IVorV-I
GoldenEarring,TwilightZone,1983,all,auth,auth,auth,tonic,misc,misc,D5noV,misc,D5noV,I-II-I,D5noV,I-II-I,I-II-I,I-II-I
GoldenYears,DavidBowie,1976,all,plagal,auth,D5,modal,modal,minor,minor,minor,minor,minor,minorD5,minor,modal,minor
GoodbyeYellowBrickRoad,EltonJohn,1973,all,auth,auth,auth,auth,auth,auth,doowop,doowop,doowop,doowop,doowop,doowop,DW-IV,II-IV-V-I
GoodMorningStarshine,Oliver,1969,all,auth,D5,A5D5,D5,D5,D5,X-V-I,tonic,II-V-I,TLminor,TL/251,TL/251,I-IVorV-I,X-V-I
GoodVibrations,MarkyMark&TheFunkyBunch,1991,all,plagal,auth,D5,modal,modal,minor,minor,minor,minor,I-II-I,minorD5,minor,modal,minor
GordonLightfoot,Beautiful,1972,all,plagal,plagal,plagal,plagal,plagal,DP,DP,DP,misc,DTL,misc,I-IV-I,I-IV-I,I-IV-I
GotItMade,CrosbyStillsandNash,1989,all,plagal,plagal,plagal,tonic,plagal,tonic,plagal,tonic,DP,DP/251,DP,DP,DP,DP
GottaServeSomebody,BobDylan,1979,all,plagal,plagal,plagal,plagal,plagal,blues,plagal,blues,blues,blues,subdom,blues,blues/TE4,blues
GuitarMan,ElvisPresley,1968,all,auth,plagal,plagal,tonic,tonic,tonic,tonic,tonic,tonic,TL1,tonic,tonic,X-IVorV-I,I-IVorV-I
Hair,TheCowsills,1969,all,plagal,auth,D5,modal,modal,minor,minor,minor,minor,minor,minorD5,minor,modal,lament
HandyMan,JimmyJones,1960,all,auth,auth,auth,auth,auth,auth,doowop,doowop,doowop,doowop,doowop,doowop,DW-IV,DW-IV
HappyAnniversary,LittleRiverBand,1978,all,plagal,plagal,plagal,plagal,plagal,DP,DP,DP,misc,DTL,misc,I-IV-I,I-IV-I,I-IV-I
HappyJack,TheWho,1967,all,auth,auth,auth,auth,auth,auth,X-V-I,X-V-I,IV-V-I,I-V-I,I-V-I,IV-V-I,X-V-I2,I-V-I
HappyMan,GregKihnBand,1982,all,plagal,auth,D5,plagal,misc,misc,D5noV,misc,D5noV,I-V-I,I-V-I,I-II-I,X-V-I2,I-V-I
HappyTogether,TheTurtles,1967,all,auth,auth,D5,tonic,modal,tonic,tonic,tonic,tonic,class,minorD5,I-V-I,modal,lament
HardDaysNight,TheBeatles,1964,all,plagal,plagal,plagal,tonic,tonic,tonic,tonic,minor,tonic,TL1,minorD5,tonic,X-IVorV-I,I-IVorV-I
HardenMyHeart,Quarterflash,1982,all,plagal,auth,D5,modal,modal,minor,minor,minor,minor,minor,minorD5,minor,modal,minor
HaveYouEverLovedSomebody,FreddieJackson,1987,all,plagal,auth,D5,modal,modal,minor,minor,minor,minor,minor,subdom,minor,minor,minor
"HaveYouSeenYourMother,Baby,StandingInTheShadow?",TheRollingStones,1966,all,plagal,plagal,plagal,tonic,tonic,tonic,tonic,tonic,tonic,TL1,tonic,tonic,X-IVorV-I,I-IVorV-I
He'sARebel,TheCrystals,1962,all,auth,D5,A5D5,D5,D5,D5,doowop,doowop,doowop,doowop,doowop,doowop,D5,D5
He'sSoFine,TheChiffons,1963,all,auth,D5,A5D5,D5,D5,D5,D5,tonic,II-V-I,TLminor,TL/251,TL/251,I-IVorV-I,X-V-I
He'ssoshy,PointerSisters,1980,all,auth,auth,auth,tonic,tonic,tonic,tonic,tonic,tonic,class,X-V-I,tonic,X-V-I1,IV-V-I
Heartaches,Bachman-TurnerOverdrive,1979,all,plagal,plagal,plagal,tonic,tonic,DP,DP,DP,DP,DP/251,minorsubdom,minPuff,DP,minPuff
Heartbreaker,PatBenatar,1980,all,auth,auth,D5,modal,modal,auth,X-V-I,X-V-I,IV-V-I,class,minorD5,IV-V-I,modal,IV-V-I
HeartFullofSoul,TheYardbirds,1965,all,plagal,plagal,plagal,plagal,plagal,blues,plagal,blues,blues,blues,subdom,blues,blues/TE4,blues
HeartinHand,BrendaLee,1962,all,auth,D5,A5D5,D5,D5,D5,D5,D5,D5,D5,D5,D5,DW-II,DW-II
Heaven'sJustASinAway,TheKendalls,1977,all,auth,D5,A5D5,D5,D5,D5,D5,tonic,II-V-I,TLminor,TL/251,TL/251,I-IVorV-I,X-V-I
HeavenMustHaveSentYou,BonniePointer,1979,all,auth,auth,auth,auth,auth,misc,doowop,doowop,doowop,doowop,doowop,doowop,DW-IV,DW-IV
HelloDolly,LouisArmstrong,1964,all,auth,D5,A5D5,D5,D5,D5,D5,D5,D5,D5,D5,D5,DW-II,DW-II
HelloHello,TheSopwithCamel,1967,all,auth,auth,auth,auth,auth,auth,tonic,tonic,tonic,TL1,tonic,tonic,X-IVorV-I,II-IV-V-I
HelloStranger,BarbaraLewis,1963,all,auth,D5,A5D5,D5,D5,D5,D5,tonic,II-V-I,TLminor,TL/251,TL/251,I-IVorV-I,X-V-I
Help!,TheBeatles,1965,all,auth,auth,auth,auth,auth,auth,doowop,doowop,doowop,doowop,doowop,doowop,D5,DW-IV
HelpIsOnTheWay,LittleRiverBand,1977,all,plagal,plagal,plagal,plagal,plagal,blues,plagal,blues,blues,blues,subdom,blues,blues/TE4,blues
Here'sSomeLove,TanyaTucker,1976,all,auth,auth,auth,auth,auth,auth,X-V-I,X-V-I,IV-V-I,class,X-V-I,IV-V-I,X-V-I1,II-IV-V-I
HereComeThoseTearsAgain,JacksonBrowne,1977,all,auth,auth,auth,auth,misc,auth,doowop,doowop,doowop,doowop,doowop,doowop,D5,DW-IV
HereIGoAgain,Whitesnake,1987,all,plagal,plagal,plagal,plagal,plagal,blues,plagal,blues,blues,blues,subdom,blues,blues/TE4,blues
HeyBaby,BruceChannel,1962,all,auth,D5,A5D5,D5,D5,D5,D5,D5,D5,D5,D5,D5,DW-II,DW-II
HeyStoopid,AliceCooper,1991,all,auth,auth,D5,modal,modal,minor,minor,minor,minor,minor,minorD5,minor,minor,minor
HeyYou!GetOffMyMountain,TheDramatics,1973,all,plagal,auth,D5,modal,tonic,misc,D5noV,misc,D5noV,I-V-I,I-V-I,I-V-I,X-V-I2,I-V-I
HigherGround,StevieWonder,1973,all,plagal,plagal,plagal,plagal,plagal,DP,DP,DP,misc,DTL,minorsubdom,minPuff,I-IV-I,minPuff
HisLatestFlame,ElvisPresley,1961,all,auth,auth,auth,auth,auth,auth,doowop,doowop,doowop,doowop,doowop,doowop,DW-IV,DW-IV
HocusPocus,Focus,1973,all,auth,D5,A5D5,D5,D5,D5,D5,tonic,II-V-I,TLminor,TL/251,TL/251,I-IVorV-I,X-V-I
HoldOn,WilsonPhillips,1990,all,auth,auth,auth,auth,auth,auth,X-V-I,X-V-I,IV-V-I,I-V-I,I-V-I,misc,TE-4/5,I-V-I
HoneyHoney,ABBA,1974,all,auth,auth,auth,tonic,tonic,tonic,tonic,tonic,tonic,TL1,tonic,tonic,X-IVorV-I,I-IVorV-I
HonkyTonkWomen,TheRollingStones,1969,all,auth,D5,A5D5,D5,D5,D5,D5,tonic,II-V-I,TLminor,TL/251,TL/251,I-IVorV-I,X-V-I
HookedOnAFeeling,B.J.Thomas,1968,all,auth,auth,auth,tonic,tonic,tonic,tonic,tonic,tonic,TL1,tonic,tonic,D5,D5
HotChildintheCity,NickGilder,1978,all,auth,auth,auth,tonic,tonic,tonic,X-V-I,X-V-I,IV-V-I,class,X-V-I,IV-V-I,X-V-I1,IV-V-I
HotFunInTheSummertime,Sly&TheFamilyStone,1969,all,auth,auth,D5,tonic,D5,misc,tonic,tonic,II-V-I,I-V-I,I-V-I,I-V-I,X-V-I2,I-V-I
HotInTheCity,BillyIdol,1982,all,auth,auth,auth,auth,auth,auth,tonic,doowop,doowop,doowop,doowop,I-V-I,DW-IV,DW-IV
HowBlueCanYouGet,B.B.King,1964,all,plagal,plagal,plagal,tonic,tonic,tonic,tonic,tonic,tonic,TL1,tonic,tonic,X-IVorV-I,I-IVorV-I
HumanNature,MichaelJackson,1983,all,plagal,auth,auth,auth,auth,misc,X-V-I,X-V-I,IV-V-I,blues,X-V-I,IV-V-I,I-IVorV-I,II-IV-V-I
HungryEyes,EricCarmen,1988,all,auth,D5,A5D5,D5,D5,D5,X-V-I,D5,D5,D5,D5,D5,D5,D5
HurtsToBeInLove,GinoVanelli,1985,all,plagal,auth,D5,modal,modal,minor,minor,minor,minor,minor,minorD5,minor,modal,minor
I'dLoveToChangeTheWorld,TenYearsAfter,1971,all,auth,auth,auth,tonic,tonic,tonic,tonic,tonic,tonic,class,minorsubdom,minPuff,X-V-I1,minPuff
I'llTakeYouThere,TheStapleSingers,1972,all,auth,auth,auth,auth,auth,auth,X-V-I,X-V-I,IV-V-I,class,X-V-I,IV-V-I,X-V-I1,IV-V-I
I'llTumble4Ya,CultureClub,1983,all,auth,auth,auth,tonic,misc,misc,D5noV,misc,D5noV,I-II-I,D5noV,I-II-I,I-II-I,I-II-I
I'mInLove,"Evelyn""Champagne""King",1981,all,auth,D5,A5D5,D5,D5,D5,D5,tonic,II-V-I,TLminor,TL/251,TL/251,I-IVorV-I,X-V-I
I'veBeenEverywhere,HankSnow,1962,all,auth,plagal,plagal,tonic,tonic,tonic,tonic,tonic,tonic,TL1,tonic,tonic,X-IVorV-I,I-IVorV-I
I'veBeenLovingYouTooLong(ToStopNow),OtisRedding,1965,all,auth,auth,auth,tonic,tonic,tonic,tonic,tonic,tonic,I-V-I,I-V-I,misc,TE-4/5,I-V-I
I'veGotATigerByTheTail,BuckOwens,1965,all,auth,auth,auth,auth,auth,auth,X-V-I,X-V-I,IV-V-I,class,X-V-I,IV-V-I,X-V-I1,IV-V-I
I'veGotLoveOnMyMind,NathalieCole,1977,all,plagal,plagal,D5,modal,misc,misc,D5noV,misc,D5noV,I-II-I,D5noV,I-II-I,TE-4/5,I-II-I
I'vePassedThisWayBefore,JimmyRuffin,1967,all,auth,auth,auth,auth,auth,auth,X-V-I,X-V-I,IV-V-I,class,X-V-I,IV-V-I,X-V-I1,II-IV-V-I
IAdoreMiAmor,ColorMeBadd,1991,all,auth,plagal,plagal,tonic,tonic,tonic,tonic,tonic,tonic,TL1,minorsubdom,minPuff,X-V-I1,minPuff
ICan'tDrive55,SammyHagar,1984,all,plagal,plagal,plagal,plagal,plagal,blues,plagal,blues,blues,blues,minorsubdom,minPuff,blues/TE4,minPuff
ICan'tStandIt,EricClapton,1981,all,plagal,plagal,plagal,plagal,plagal,blues,plagal,blues,blues,I-V-I,I-V-I,minPuff,X-V-I2,I-V-I
ICan'tStandTheRain,AnnPeebles,1973,all,auth,D5,A5D5,D5,D5,D5,D5,tonic,II-V-I,TLminor,TL/251,TL/251,I-IVorV-I,X-V-I
ICanHelp,BillySwan,1974,all,auth,plagal,plagal,tonic,tonic,tonic,tonic,tonic,DP,DP/251,DP,DP,DP,DP
ICriedATear,LaVernBaker,1959,all,plagal,plagal,plagal,tonic,tonic,tonic,tonic,tonic,tonic,TL1,tonic,tonic,X-IVorV-I,I-IVorV-I
IDon'tBlameYouAtAll,TheMiracles,1971,all,plagal,plagal,plagal,plagal,plagal,blues,plagal,blues,blues,blues,subdom,blues,blues/TE4,blues
IDon'tLoveYouAnymore,TeddyPendergrass,1977,all,plagal,auth,D5,modal,misc,misc,D5noV,misc,D5noV,I-II-I,D5noV,I-II-I,I-II-I,I-II-I
IDon'tmind,JamesBrown,1961,all,auth,D5,A5D5,D5,D5,D5,D5,tonic,II-V-I,TLminor,TL/251,TL/251,I-IVorV-I,X-V-I
IDon'tNeedYou,KennyRogers,1981,all,auth,D5,A5D5,D5,D5,D5,D5,tonic,II-V-I,TLminor,TL/251,TL/251,I-IVorV-I,X-V-I
IDon'tWantToSpoilTheParty,TheBeatles,1965,all,auth,D5,A5D5,D5,D5,D5,D5,tonic,II-V-I,TLminor,TL/251,TL/251,I-IVorV-I,X-V-I
IDontWantYourLove,DuranDuran,1989,all,plagal,plagal,plagal,plagal,plagal,DP,DP,DP,DP,DP/251,DP,DP,DP,DP
IDroveAllNight,CyndiLauper,1989,all,plagal,plagal,plagal,plagal,plagal,blues,plagal,blues,blues,blues,subdom,misc,TE-4/5,blues
If,Bread,1971,all,auth,plagal,auth,tonic,tonic,tonic,tonic,tonic,tonic,TL1,tonic,tonic,X-IVorV-I,I-IVorV-I
IfICanDream,ElvisPresley,1968,all,auth,auth,auth,auth,auth,auth,doowop,doowop,doowop,doowop,doowop,doowop,D5,DW-IV
IfICouldBuildMyWholeWorldAroundYou,MarvinGaye&TammyTerrell,1967,all,plagal,plagal,plagal,plagal,plagal,DP,DP,DP,misc,DTL,misc,I-IV-I,I-IV-I,I-IV-I
IfICouldReachYou,The5thDimension,1972,all,plagal,plagal,plagal,plagal,plagal,DP,DP,minor,misc,DTL,misc,misc,TE-4/5,II-IV-V-I
IfICouldTurnBackTime,Cher,1989,all,auth,D5,A5D5,D5,D5,D5,X-V-I,tonic,II-V-I,TLminor,TL/251,TL/251,I-IVorV-I,X-V-I
IfIWereACarpenter,BobbyDarin,1966,all,plagal,plagal,plagal,plagal,plagal,DP,DP,DP,DP,DP/251,DP,DP,DP,DP
IfIWereYourWoman,GladysNight&ThePips,1971,all,plagal,plagal,plagal,plagal,plagal,DP,DP,DP,misc,DTL,misc,I-IV-I,I-IV-I,I-IV-I
IfNotYou,Dr.Hook,1977,all,auth,D5,A5D5,auth,auth,auth,doowop,doowop,doowop,doowop,doowop,doowop,DW-IV,DW-IV
IFoundALove,TheFalcons,1962,all,plagal,plagal,plagal,plagal,plagal,DP,DP,DP,misc,DTL,misc,I-IV-I,I-IV-I,I-IV-I
IFoundATrueLove,WilsonPickett,1968,all,auth,plagal,plagal,tonic,tonic,tonic,tonic,tonic,tonic,TL1,tonic,tonic,X-IVorV-I,I-IVorV-I
Ifyoulovesomebodysetthemfree,Sting,1985,all,plagal,plagal,plagal,plagal,plagal,DP,DP,DP,misc,DTL,misc,I-IV-I,I-IV-I,I-IV-I
Ifyouneedme,SolomonBurke,1963,all,auth,plagal,plagal,tonic,tonic,tonic,tonic,tonic,tonic,TL1,tonic,tonic,X-IVorV-I,I-IVorV-I
IfYoureallyloveme,StevieWonder,1971,all,plagal,auth,D5,modal,modal,misc,D5noV,misc,D5noV,D5,D5noV,D5,D5,D5
IGotMyMindSetOnYou,GeorgeHarrison,1988,all,auth,auth,auth,auth,auth,auth,X-V-I,X-V-I,IV-V-I,class,X-V-I,IV-V-I,D5,IV-V-I
IGotStripes,JohnnyCash,1959,all,auth,auth,auth,tonic,tonic,tonic,tonic,tonic,tonic,I-V-I,I-V-I,I-V-I,X-V-I2,I-V-I
IGotYou(IFeelGood),JamesBrown,1965,all,plagal,plagal,plagal,plagal,plagal,blues,plagal,blues,blues,blues,subdom,blues,blues/TE4,blues
IHadTooMuchToDream,ElectricPrunes,1967,all,plagal,plagal,plagal,plagal,plagal,DP,DP,DP,misc,DTL,misc,I-IV-I,I-IV-I,I-IV-I
IJustCan'tStopLovingYou,MichaelJackson,1987,all,auth,auth,auth,tonic,tonic,tonic,tonic,tonic,tonic,I-V-I,I-V-I,I-V-I,X-V-I2,I-V-I
ILikeTheWay(TheKissingGame),Hi-Five,1991,all,auth,D5,A5D5,D5,D5,D5,D5,tonic,II-V-I,TLminor,TL/251,TL/251,I-IVorV-I,X-V-I
ILove,TomDHall,1973,all,auth,plagal,plagal,tonic,tonic,tonic,tonic,tonic,tonic,TL1,tonic,tonic,X-IVorV-I,I-IVorV-I
ILoveARainyNight,EddieRabbitt,1981,all,auth,auth,auth,auth,auth,tonic,X-V-I,X-V-I,IV-V-I,class,X-V-I,IV-V-I,X-V-I1,IV-V-I
ILoveYouSo,BobbiMartin,1965,all,auth,D5,A5D5,D5,D5,D5,D5,D5,D5,D5,D5,D5,D5,D5
ImGoinDown,BruceSpringsteen,1985,all,plagal,plagal,plagal,plagal,plagal,blues,plagal,blues,blues,I-V-I,subdom,blues,X-V-I2,I-V-I
In-A-Gadda-Da-Vida,IronButterfly,1968,all,plagal,D5,D5,modal,D5,misc,D5noV,misc,D5noV,I-II-I,D5noV,I-V-I,D5,lament
IndianaWantsMe,RDeanTayloy,1970,all,auth,plagal,plagal,tonic,misc,misc,D5noV,D5,D5noV,D5,D5noV,I-II-I,I-II-I,I-II-I
INeverLovedAMan,ArethaFranklin,1967,all,auth,plagal,plagal,tonic,tonic,tonic,tonic,tonic,tonic,TL1,tonic,tonic,X-IVorV-I,I-IVorV-I
InMyRoom,TheBeachBoys,1963,all,auth,D5,A5D5,D5,D5,D5,D5,D5,D5,D5,D5,D5,DW-II,DW-II
InTheMidnightHour,WilsonPickett,1965,all,plagal,plagal,plagal,plagal,plagal,blues,plagal,blues,blues,blues,subdom,blues,blues/TE4,blues
InTheNavy,VillagePeople,1979,all,auth,D5,A5D5,D5,D5,D5,D5,tonic,II-V-I,TLminor,TL/251,TL/251,I-IVorV-I,X-V-I
InvisibleTouch,Genesis,1986,all,auth,auth,auth,auth,auth,auth,doowop,doowop,doowop,doowop,doowop,doowop,DW-IV,II-IV-V-I
InYourSoul,CoreyHart,1988,all,plagal,plagal,plagal,plagal,misc,blues,plagal,blues,blues,blues,subdom,blues,blues/TE4,blues
IPutASpellOnYou,CreedenceClearwaterRevival,1968,all,auth,auth,auth,tonic,tonic,tonic,X-V-I,X-V-I,IV-V-I,class,\,IV-V-I,X-V-I1,IV-V-I
IReallyDon'tWantToKnow,ElvisPresley,1970,all,auth,auth,auth,auth,auth,auth,doowop,doowop,doowop,doowop,doowop,misc,TE-4/5,DW-IV
"IRise,IFall",JohnnyTillotson,1964,all,auth,auth,auth,auth,auth,auth,doowop,doowop,doowop,doowop,doowop,doowop,DW-IV,DW-IV
ISawHerStandingThere,TheBeatles,1964,all,auth,plagal,auth,tonic,tonic,tonic,tonic,tonic,tonic,TL1,tonic,tonic,X-IVorV-I,I-IVorV-I
ISecondThatEmotion,TheMiracles,1968,all,plagal,plagal,plagal,plagal,plagal,blues,plagal,blues,blues,blues,subdom,blues,blues/TE4,blues
IslandOfLostSouls,Blondie,1982,all,auth,auth,auth,auth,auth,auth,doowop,doowop,doowop,doowop,doowop,doowop,DW-IV,DW-IV
IsThatAllThereIs,PeggyLee,1969,all,auth,plagal,plagal,tonic,tonic,tonic,tonic,tonic,tonic,TL1,tonic,tonic,X-IVorV-I,I-IVorV-I
IsThereSomethingIShouldKnow,DuranDuran,1983,all,plagal,auth,D5,modal,modal,minor,minor,minor,minor,minor,minorD5,minor,modal,minor
It'sGonnaWorkOutFine,Ike&TinaTurner,1961,all,auth,auth,auth,tonic,tonic,tonic,tonic,tonic,tonic,class,minorsubdom,minPuff,X-V-I1,minPuff
It'sOnlyMakeBelieve,GlenCampbell,1970,all,auth,auth,auth,auth,auth,auth,doowop,doowop,doowop,doowop,doowop,doowop,DW-IV,DW-IV
It'sOnlyRockandRoll(ButILikeIt),RollingStones,1974,all,plagal,auth,D5,modal,plagal,DP,DP,DP,misc,DTL,misc,I-IV-I,I-IV-I,lament
It'sRainingMen,TheWeatherGirls,1983,all,auth,auth,auth,auth,auth,auth,X-V-I,X-V-I,IV-V-I,class,X-V-I,IV-V-I,X-V-I1,IV-V-I
It'sYourThing,TheIsleyBrothers,1969,all,plagal,plagal,plagal,plagal,plagal,DP,DP,DP,misc,DTL,misc,I-IV-I,I-IV-I,I-IV-I
ItAmazesMe,JohnDenver,1978,all,auth,auth,auth,tonic,tonic,tonic,tonic,tonic,tonic,I-V-I,I-V-I,I-V-I,X-V-I2,I-V-I
ItKeepsRightOnA-Hurtin',JohnnyTillotson,1962,all,auth,plagal,plagal,tonic,tonic,tonic,tonic,tonic,tonic,TL1,tonic,tonic,X-IVorV-I,I-IVorV-I
ItTakesTwo,MarvinGaye&KimWeston,1967,all,plagal,auth,D5,modal,modal,minor,minor,minor,minor,minor,minorD5,minor,minor,minor
IWalkAlone,MartyRobbins,1968,all,auth,plagal,plagal,tonic,tonic,tonic,tonic,tonic,tonic,TL1,tonic,tonic,X-IVorV-I,I-IVorV-I
IWantaNewDrug,HueyLewis&TheNews,1984,all,plagal,plagal,plagal,plagal,plagal,DP,DP,DP,DP,DP/251,DP,DP,DP,DP
Iwanttotakeyouhigher,SlyAndTheFamilyStone,1969,all,auth,auth,auth,tonic,tonic,tonic,tonic,tonic,tonic,I-V-I,I-V-I,I-V-I,X-V-I2,I-V-I
IWantToTakeYouHigher,Ike&TinaTurner,1970,all,plagal,auth,D5,modal,modal,misc,D5noV,misc,D5noV,I-II-I,D5noV,I-V-I,modal,lament
IWantToWalkYouHome,FatsDomino,1959,all,plagal,plagal,plagal,plagal,plagal,blues,plagal,blues,blues,blues,subdom,blues,blues/TE4,blues
IWantYou,MarvinGaye,1976,all,auth,auth,auth,tonic,tonic,tonic,X-V-I,X-V-I,IV-V-I,class,X-V-I,IV-V-I,X-V-I1,IV-V-I
IWantYouBack,TheJacksons,1969,all,auth,D5,A5D5,D5,D5,D5,D5,tonic,II-V-I,TLminor,TL/251,TL/251,I-IVorV-I,X-V-I
IWantYouToWantMe,CheapTrick,1979,all,plagal,plagal,plagal,plagal,plagal,DP,DP,DP,DP,DP/251,DP,DP,DP,DP
IWill,DeanMartin,1965,all,auth,auth,auth,tonic,tonic,tonic,tonic,tonic,tonic,I-V-I,I-V-I,I-V-I,X-V-I2,I-V-I
IWishItWouldRain,TheTemptations,1968,all,plagal,plagal,plagal,plagal,plagal,blues,plagal,blues,blues,blues,subdom,blues,blues/TE4,blues
IWon'tStandInYourWay,StrayCats,1983,all,auth,auth,D5,modal,modal,minor,minor,minor,minor,minor,minorD5,minor,modal,minor
Iwouldn'tHaveMisseditForTheWorld,RonnieMilsap,1981,all,plagal,D5,A5D5,D5,misc,misc,D5noV,misc,D5noV,D5,D5noV,D5,D5,D5
Jamie,EddieHolland,1962,all,auth,D5,A5D5,auth,auth,auth,doowop,doowop,doowop,doowop,doowop,doowop,DW-IV,DW-IV
Jessie'sGirl,RickSpringfield,1981,all,auth,auth,auth,auth,auth,auth,doowop,doowop,doowop,I-V-I,I-V-I,doowop,X-V-I2,I-V-I
JimiHendrix,Freedom,1971,all,plagal,auth,D5,modal,modal,misc,D5noV,misc,D5noV,DTL,D5noV,I-V-I,modal,lament
Jimmy'sGirl,JohnnyTillotson,1961,all,auth,D5,A5D5,D5,D5,D5,D5,tonic,II-V-I,TLminor,TL/251,TL/251,I-IVorV-I,X-V-I
JohnnyReb,JohnnyHorton,1959,all,plagal,plagal,plagal,tonic,tonic,tonic,tonic,tonic,tonic,TL1,tonic,tonic,X-IVorV-I,I-IVorV-I
JourneyToTheCenterOfTheMind,TheAmboyDukes,1968,all,auth,auth,auth,auth,auth,auth,X-V-I,X-V-I,IV-V-I,class,X-V-I,IV-V-I,X-V-I1,IV-V-I
Judy,ElvisPresley,1967,all,auth,D5,A5D5,D5,D5,D5,D5,tonic,II-V-I,TLminor,TL/251,TL/251,I-IVorV-I,X-V-I
Jump(forMyLove),ThePointerSisters,1984,all,auth,auth,auth,modal,modal,minor,minor,minor,minor,minor,minorD5,minor,modal,minor
JungleBoogie,KoolandtheGang,1974,all,plagal,auth,D5,modal,modal,misc,D5noV,misc,D5noV,I-II-I,D5noV,I-V-I,modal,lament
JustADream,JimmyClanton,1958,all,auth,plagal,plagal,tonic,tonic,tonic,tonic,tonic,tonic,TL1,tonic,tonic,X-IVorV-I,I-IVorV-I
JustAFriend,BizMarkie,1990,all,auth,D5,A5D5,D5,D5,D5,D5,tonic,II-V-I,TLminor,TL/251,TL/251,I-IVorV-I,X-V-I
JustCan'tWait,TheJ.GeilsBand,1980,all,auth,auth,auth,auth,auth,auth,X-V-I,X-V-I,IV-V-I,I-V-I,I-V-I,I-V-I,X-V-I2,I-V-I
JustLikeHeaven,TheCure,1988,all,plagal,plagal,plagal,plagal,plagal,blues,plagal,blues,blues,I-V-I,subdom,blues,X-V-I2,II-IV-V-I
JustLikeJesseJames,Cher,1989,all,plagal,auth,auth,auth,auth,blues,plagal,blues,blues,I-V-I,I-V-I,I-V-I,X-V-I2,II-IV-V-I
JustTheWayYouAre,BillyJoel,1978,all,auth,D5,A5D5,tonic,tonic,tonic,tonic,tonic,tonic,TL1,tonic,tonic,X-IVorV-I,I-IVorV-I
JustWhenINeededYouMost,RandyVanwarmer,1979,all,auth,plagal,plagal,tonic,tonic,tonic,tonic,tonic,tonic,TL1,tonic,tonic,X-IVorV-I,I-IVorV-I
KarmaChameleon,CultureClub,1984,all,auth,D5,A5D5,D5,D5,D5,X-V-I,D5,D5,D5,D5,D5,D5,D5
Kicks,PaulRevere&TheRaiders,1966,all,plagal,auth,D5,modal,modal,minor,minor,minor,minor,minor,minorD5,minor,modal,lament
KindOfADrag,TheBuckinghams,1967,all,auth,D5,A5D5,D5,D5,D5,D5,tonic,II-V-I,TLminor,TL/251,TL/251,I-IVorV-I,X-V-I
KissesOnTheWind,NenehCherry,1989,all,auth,auth,D5,modal,modal,minor,minor,minor,minor,minor,minorD5,minor,modal,minor
KissOnMyList,Hall&Oates,1981,all,plagal,auth,D5,modal,modal,minor,minor,minor,minor,minor,minorD5,minor,minor,minor
"KnowingMe,KnowingYou",ABBA,1977,all,auth,auth,auth,auth,auth,auth,X-V-I,X-V-I,IV-V-I,class,X-V-I,IV-V-I,D5,IV-V-I
Ko-KoJoe,JerryReed,1971,all,auth,D5,A5D5,tonic,tonic,tonic,tonic,tonic,tonic,TL1,minorsubdom,minPuff,X-IVorV-I,minPuff
Kokomo(FromTheCocktailSoundtrack),TheBeachBoys,1988,all,auth,D5,A5D5,D5,D5,D5,D5,D5,D5,D5,D5,D5,DW-II,DW-II
KozmicBlues,JanisJoplin,1969,all,auth,plagal,plagal,tonic,tonic,tonic,tonic,tonic,tonic,TL1,tonic,tonic,X-IVorV-I,I-IVorV-I
Lady,KennyRogers,1980,all,auth,auth,auth,tonic,modal,minor,minor,minor,minor,class,minorD5,IV-V-I,X-V-I1,IV-V-I
Lady(YouBringMeUp),Commodores,1981,all,plagal,auth,D5,modal,modal,minor,plagal,blues,minor,blues,minorD5,minor,modal,lament
LaGrange,ZZTop,1974,all,plagal,auth,D5,modal,modal,misc,D5noV,misc,D5noV,I-II-I,D5noV,I-V-I,modal,lament
Lambada,Kaoma,1990,all,plagal,auth,D5,modal,modal,minor,minor,minor,minor,minor,minorD5,minor,minor,minor
LandOf1000Dances,ChrisKenner,1963,all,auth,auth,auth,tonic,tonic,tonic,tonic,tonic,tonic,class,X-V-I,I-V-I,X-V-I1,lament
LastChild,Aerosmith,1976,all,plagal,plagal,plagal,plagal,plagal,DP,DP,DP,misc,DTL,misc,I-IV-I,I-IV-I,I-IV-I
LastDance,DonnaSummer,1978,all,auth,D5,A5D5,D5,D5,D5,D5,D5,D5,D5,D5,D5,D5,D5
LastDate,FloydCramer,1960,all,auth,plagal,plagal,tonic,tonic,tonic,tonic,tonic,tonic,TL1,tonic,tonic,X-IVorV-I,I-IVorV-I
LastKiss,J.FrankWilson&TheCavaliers,1964,all,auth,auth,auth,auth,auth,auth,doowop,doowop,doowop,doowop,doowop,doowop,DW-IV,DW-IV
LayDownSally,EricClapton,1978,all,auth,auth,auth,auth,auth,auth,X-V-I,X-V-I,IV-V-I,class,X-V-I,IV-V-I,X-V-I1,IV-V-I
Let'sGetSerious,JermaineJackson,1980,all,auth,plagal,plagal,tonic,tonic,tonic,tonic,tonic,tonic,TL1,minorsubdom,tonic,X-V-I1,minPuff
Let'sGoGetStoned,RayCharles,1966,all,auth,auth,auth,auth,auth,auth,doowop,doowop,doowop,doowop,doowop,doowop,D5,DW-IV
Let'sworkTogether,CannedHeat,1970,all,plagal,plagal,plagal,plagal,plagal,blues,plagal,blues,blues,blues,subdom,blues,blues/TE4,blues
LetItRain,EricClapton,1972,all,plagal,plagal,plagal,plagal,plagal,blues,plagal,tonic,DP,DP/251,DP,DP,DP,DP
LetMeGetToKnowYou,PaulAnka,1974,all,auth,auth,auth,auth,auth,auth,X-V-I,X-V-I,IV-V-I,class,X-V-I,IV-V-I,X-V-I1,IV-V-I
LetterFullofTears,GladysKnight&ThePips,1962,all,auth,auth,auth,auth,auth,auth,doowop,doowop,doowop,doowop,doowop,misc,TE-4/5,DW-IV
LetTheMusicPlay,Shannon,1984,all,plagal,auth,D5,modal,modal,minor,minor,minor,minor,minor,minorD5,minor,minor,minor
Levon,EltonJohn,1971,all,plagal,plagal,plagal,plagal,misc,misc,D5noV,misc,misc,I-II-I,misc,misc,TE-4/5,I-II-I
"Liar,Liar",TheCastaways,1965,all,plagal,plagal,plagal,plagal,plagal,blues,plagal,blues,blues,blues,subdom,blues,blues/TE4,blues
LifeIsACarnival,TheBand,1971,all,plagal,plagal,plagal,plagal,misc,DP,DP,DP,misc,DTL,misc,I-IV-I,I-IV-I,I-IV-I
LikeARock,BobSeger,1986,all,plagal,plagal,plagal,plagal,plagal,DP,DP,DP,misc,DP/251,misc,I-IV-I,I-IV-I,DP
LittleBitO'Soul,TheMusicExplosion,1967,all,auth,auth,auth,auth,auth,auth,X-V-I,X-V-I,IV-V-I,class,X-V-I,IV-V-I,X-V-I1,IV-V-I
LittleOldLadyFromPasadena,Jan&Dean,1964,all,auth,D5,A5D5,tonic,tonic,tonic,tonic,tonic,tonic,TL1,tonic,tonic,X-IVorV-I,I-IVorV-I
LittleSister,ElvisPresley,1961,all,plagal,plagal,plagal,tonic,tonic,tonic,tonic,tonic,tonic,TL1,tonic,tonic,X-IVorV-I,I-IVorV-I
LittleTooLate,PatBenatar,1983,all,auth,auth,auth,tonic,tonic,tonic,X-V-I,X-V-I,IV-V-I,class,X-V-I,IV-V-I,X-V-I1,IV-V-I
LiveToTell,Madonna,1986,all,plagal,auth,D5,modal,modal,minor,minor,minor,minor,minor,minorD5,minor,modal,minor
LivingDoll,CliffRichard,1959,all,auth,D5,A5D5,D5,D5,D5,D5,tonic,II-V-I,TLminor,TL/251,TL/251,I-IVorV-I,X-V-I
LivingInThePast,JethroTull,1972,all,plagal,D5,A5D5,D5,D5,DP,DP,tonic,misc,DTL,misc,I-IV-I,I-IV-I,X-V-I
LivingItDown,FreddyFender,1976,all,auth,D5,A5D5,D5,D5,D5,D5,tonic,II-V-I,TLminor,TL/251,TL/251,I-IVorV-I,X-V-I
LonelyEyes,RobertJohn,1980,all,plagal,plagal,plagal,plagal,plagal,blues,plagal,blues,blues,blues,subdom,misc,TE-4/5,blues
LonelyWeekends,CharlieRich,1960,all,plagal,plagal,plagal,plagal,plagal,DP,DP,DP,misc,DTL,misc,I-IV-I,I-IV-I,I-IV-I
LongDarkRoad,TheHollies,1972,all,plagal,plagal,plagal,plagal,plagal,DP,DP,DP,DP,DP/251,misc,I-IV-I,DP,DP
Look-KaPyPy,TheMeters,1970,all,plagal,auth,D5,modal,modal,minor,minor,minor,minor,minor,minorD5,minor,modal,minor
Lookin'forLove,JohnnyLee,1980,all,plagal,plagal,plagal,plagal,plagal,blues,plagal,blues,blues,blues,subdom,misc,TE-4/5,blues
LookingForALove,TheJ.GeilsBand,1972,all,plagal,plagal,plagal,plagal,plagal,blues,plagal,blues,blues,blues,subdom,blues,blues/TE4,blues
LosingYou,BrendaLee,1963,all,auth,D5,A5D5,D5,D5,D5,D5,D5,D5,D5,D5,D5,DW-II,DW-II
LoveCameToMe,Dion,1962,all,auth,auth,auth,auth,auth,auth,doowop,doowop,doowop,doowop,doowop,doowop,DW-IV,DW-IV
LoveComesQuickly,PetShopBoys,1986,all,auth,auth,auth,tonic,modal,tonic,tonic,tonic,tonic,class,minorD5,I-V-I,X-V-I1,lament
LoveIsABattlefield,PatBenatar,1983,all,plagal,auth,D5,modal,modal,minor,minor,minor,minor,minor,minorD5,minor,modal,lament
LovelyDay,BillWithers,1978,all,auth,auth,auth,auth,auth,auth,doowop,doowop,doowop,doowop,doowop,doowop,DW-IV,DW-IV
LoveMeDo,Beatles,1964,all,plagal,plagal,plagal,plagal,plagal,DP,DP,DP,misc,DTL,misc,I-IV-I,I-IV-I,I-IV-I
LoveMeWarmAndTender,PaulAnka,1962,all,plagal,auth,D5,modal,misc,misc,D5noV,misc,D5noV,I-II-I,D5noV,I-II-I,I-II-I,I-II-I
LoversWhoWander,Dion,1962,all,auth,auth,auth,auth,auth,auth,doowop,doowop,doowop,doowop,doowop,doowop,DW-IV,DW-IV
LoveTrain,TheO'Jays,1973,all,auth,D5,A5D5,auth,auth,auth,X-V-I,X-V-I,IV-V-I,D5,X-V-I,D5,DW-II,II-IV-V-I
Lovin'You,MinnieRiperton,1975,all,plagal,auth,D5,modal,misc,misc,D5noV,misc,D5noV,I-II-I,D5noV,I-II-I,I-II-I,I-II-I
LovingHerWasEasier,KrisKristofferson,1971,all,plagal,plagal,plagal,plagal,plagal,DP,DP,DP,misc,DTL,misc,I-IV-I,I-IV-I,I-IV-I
Lucille,KennyRogers,1977,all,auth,D5,A5D5,D5,D5,D5,X-V-I,tonic,II-V-I,TLminor,TL/251,TL/251,I-IVorV-I,X-V-I
Lucky,GregKihn,1985,all,plagal,auth,D5,modal,modal,minor,minor,minor,minor,minor,minorD5,minor,modal,minor
LuckyMan,"Emerson,Lake&Palmer",1971,all,auth,auth,auth,tonic,tonic,tonic,tonic,tonic,tonic,I-V-I,I-V-I,I-V-I,X-V-I2,I-V-I
Lyin'Eyes,Eagles,1975,all,auth,D5,A5D5,D5,D5,D5,D5,tonic,II-V-I,TLminor,TL/251,TL/251,I-IVorV-I,X-V-I
Mabelleamie,Theteeset,1970,all,auth,D5,A5D5,D5,D5,D5,D5,D5,D5,D5,D5,D5,DW-II,DW-II
MaggieMay,RodStewart,1971,all,plagal,auth,D5,modal,misc,misc,D5noV,misc,D5noV,I-II-I,D5noV,I-II-I,I-II-I,II-IV-V-I
MagicMan,Heart,1976,all,plagal,plagal,D5,modal,modal,DP,DP,minor,minor,DTL,minorD5,minor,modal,minor
MakeALittleMagic,NittyGrittyDirtBand,1980,all,auth,auth,auth,auth,auth,auth,X-V-I,X-V-I,IV-V-I,class,X-V-I,IV-V-I,X-V-I1,IV-V-I
MakeMeSmile,Chicago,1970,all,plagal,plagal,plagal,plagal,plagal,DP,DP,DP,DP,DP/251,DP,DP,DP,DP
Maneater,DarylHall&JohnOates,1983,all,auth,auth,D5,modal,modal,minor,minor,minor,minor,minor,minorD5,minor,modal,minor
Maniac,MichaelSembello,1983,all,plagal,auth,D5,modal,modal,minor,minor,minor,minor,minor,minorD5,minor,minor,minor
ManInTheMirror,MichaelJackson,1988,all,plagal,plagal,plagal,plagal,misc,blues,plagal,blues,blues,blues,subdom,blues,blues/TE4,blues
MaybeI'mAmazed,PaulMcCartney,1977,all,plagal,D5,A5D5,D5,D5,DP,DP,tonic,DP,DP/251,DP,DP,DP,DP
MaybeTomorrow,Badfinger,1969,all,auth,auth,auth,D5,D5,D5,D5,D5,D5,D5,D5,D5,DW-II,DW-II
MeMyselfAndI,DeLaSoul,1989,all,auth,auth,auth,tonic,tonic,tonic,tonic,tonic,tonic,I-V-I,I-V-I,I-V-I,X-V-I2,I-V-I
MercyMercyMe(TheEcology),MarvinGaye,1971,all,auth,D5,A5D5,D5,D5,D5,D5,D5,D5,D5,D5,D5,DW-II,DW-II
MightyGoodLovin',TheMiracles,1961,all,plagal,plagal,plagal,plagal,plagal,blues,plagal,blues,blues,DTL,subdom,blues,blues/TE4,blues
MissYou,TheRollingStones,1978,all,plagal,plagal,plagal,plagal,plagal,DP,DP,DP,misc,DTL,misc,I-IV-I,I-IV-I,I-IV-I
Misunderstanding,Genesis,1980,all,plagal,auth,D5,modal,misc,misc,D5noV,misc,D5noV,I-II-I,D5noV,I-V-I,I-II-I,I-II-I
ModernLove,DavidBowie,1983,all,plagal,plagal,plagal,plagal,plagal,misc,D5noV,misc,blues,I-II-I,subdom,misc,TE-4/5,blues
Money,PinkFloyd,1973,all,plagal,plagal,plagal,plagal,plagal,DP,DP,DP,misc,DTL,misc,I-IV-I,I-IV-I,I-IV-I
MonyMony,TommyJames,1968,all,auth,auth,plagal,tonic,tonic,tonic,tonic,tonic,tonic,TL1,tonic,tonic,X-IVorV-I,I-IVorV-I
MotownPhilly,BoyzIIMen,1991,all,auth,auth,auth,auth,auth,auth,X-V-I,X-V-I,IV-V-I,class,X-V-I,IV-V-I,X-V-I1,IV-V-I
Mr.Bojangles,JerryJeffWalker,1968,all,auth,D5,A5D5,D5,D5,D5,D5,D5,D5,D5,D5,D5,D5,D5
MustOfGotLost,TheJ.GeilsBand,1974,all,plagal,D5,A5D5,plagal,plagal,blues,plagal,blues,blues,blues,subdom,blues,blues/TE4,blues
MyBoy,ElvisPresley,1975,all,auth,D5,A5D5,D5,D5,misc,D5noV,misc,II-V-I,I-V-I,I-V-I,I-V-I,D5,D5
MyHometown,BruceSpringsteen,1985,all,auth,plagal,plagal,tonic,tonic,tonic,tonic,tonic,tonic,TL1,tonic,tonic,X-IVorV-I,I-IVorV-I
MyKindaLover,BillySquier,1982,all,auth,auth,auth,auth,auth,auth,doowop,doowop,doowop,I-V-I,I-V-I,doowop,X-V-I2,I-V-I
MyLove,PaulMcCartney&Wings,1973,all,plagal,D5,D5,modal,misc,misc,D5noV,misc,D5noV,I-II-I,D5noV,I-II-I,I-II-I,I-II-I
MyThang,JamesBrown,1974,all,auth,plagal,plagal,tonic,tonic,tonic,tonic,tonic,tonic,TL1,minorsubdom,tonic,X-V-I1,minPuff
MyWay,ElvisPresley,1978,all,plagal,plagal,plagal,plagal,plagal,blues,plagal,D5,blues,D5,subdom,I-IV-I,blues/TE4,II-IV-V-I
MyWishCameTrue,ElvisPresley,1959,all,auth,D5,A5D5,D5,D5,D5,D5,tonic,II-V-I,TLminor,TL/251,TL/251,I-IVorV-I,X-V-I
MyWorldFellDown,Sagittarius,1967,all,plagal,plagal,plagal,plagal,plagal,blues,plagal,D5,blues,D5,subdom,blues,DW-II,DW-II
NakedEyes,AlwaysSomethingTheretoRemindMe,1983,all,plagal,plagal,plagal,plagal,misc,DP,D5noV,misc,D5noV,I-II-I,D5noV,I-II-I,I-II-I,I-II-I
NeedYouTonight,INXS,1988,all,auth,plagal,plagal,tonic,tonic,tonic,tonic,tonic,tonic,TL1,tonic,tonic,X-IVorV-I,I-IVorV-I
NeverCanSayGoodbye,GloriaGaynor,1975,all,auth,D5,A5D5,D5,D5,D5,D5,tonic,II-V-I,TLminor,TL/251,TL/251,I-IVorV-I,X-V-I
NeverKnewLoveLikeThisBefore,StephanieMills,1980,all,auth,D5,A5D5,D5,D5,D5,D5,D5,D5,D5,D5,D5,D5,D5
NeverMyLove,The5thDimension,1971,all,plagal,plagal,plagal,plagal,plagal,DP,DP,DP,DP,DP/251,DP,DP,DP,DP
NickofTime,BonnieRaitt,1990,all,plagal,D5,A5D5,D5,misc,D5,D5noV,D5,D5,D5,D5,D5,D5,D5
NightMoves,BobSeger,1977,all,plagal,auth,D5,modal,modal,minor,minor,minor,minor,minor,minorD5,minor,modal,minor
Nightshift,TheCommodores,1985,all,auth,D5,A5D5,auth,auth,auth,doowop,doowop,doowop,doowop,doowop,doowop,DW-IV,DW-IV
NoCharge,MelbaMontgomery,1974,all,auth,auth,auth,tonic,tonic,tonic,tonic,tonic,tonic,TL1,tonic,tonic,X-IVorV-I,I-IVorV-I
NotFadeAway,RollingStones,1964,all,plagal,plagal,plagal,plagal,plagal,DP,DP,DP,misc,DP/251,misc,I-IV-I,I-IV-I,DP
NowhereToRun,MarthaReeves&TheVandellas,1965,all,plagal,plagal,plagal,plagal,plagal,DP,DP,DP,DP,DP/251,DP,DP,DP,DP
"Ob-La-Di,Ob-La-Da",TheBeatles',1976,all,auth,plagal,plagal,tonic,tonic,tonic,tonic,tonic,tonic,TL1,tonic,tonic,X-IVorV-I,I-IVorV-I
OdeToBillieJoe,BobbieGentry,1976,all,plagal,plagal,plagal,plagal,plagal,DP,DP,DP,misc,DTL,misc,I-IV-I,I-IV-I,I-IV-I
OhFather,Madonna,1990,all,plagal,plagal,plagal,plagal,misc,misc,plagal,misc,DP,DP/251,DP,DP,DP,DP
"OhMe,OhMy(DreamsInMyArms)",AlGreen,1975,all,plagal,auth,D5,modal,plagal,misc,D5noV,misc,misc,DTL,misc,I-IV-I,I-IV-I,lament
OhMeOhMy(I'mAFoolForYouBaby),ArethaFranklin,1972,all,auth,auth,auth,auth,auth,auth,X-V-I,X-V-I,IV-V-I,class,X-V-I,I-II-I,I-II-I,IV-V-I
OhMyAngel,BerthaTillman,1962,all,plagal,auth,D5,modal,misc,misc,D5noV,misc,D5noV,I-II-I,D5noV,I-II-I,I-II-I,I-II-I
OldDays,Chicago,1975,all,auth,D5,A5D5,D5,misc,misc,D5noV,misc,D5noV,I-II-I,D5noV,I-V-I,I-IVorV-I,II-IV-V-I
OldTimeRock&Roll,BobSeger,1979,all,auth,auth,auth,auth,auth,auth,X-V-I,X-V-I,IV-V-I,class,X-V-I,IV-V-I,X-V-I1,IV-V-I
OnAndOnAndOn,Abba,1981,all,plagal,plagal,plagal,plagal,plagal,DP,DP,DP,misc,DTL,misc,I-IV-I,I-IV-I,I-IV-I
OnBroadway,TheDrifters,1963,all,plagal,auth,D5,modal,plagal,DP,DP,DP,misc,DTL,misc,I-IV-I,I-IV-I,lament
One,Metallica,1989,all,auth,auth,D5,modal,modal,minor,minor,minor,minor,minor,minorD5,minor,minor,minor
OneBadApple,TheOsmonds,1971,all,auth,D5,A5D5,D5,D5,D5,D5,tonic,II-V-I,TLminor,TL/251,TL/251,I-IVorV-I,X-V-I
OneLastKiss,J.GeilsBand,1978,all,plagal,plagal,D5,modal,modal,minor,minor,minor,minor,minor,minorsubdom,minPuff,minor,minPuff
OneLessBellToAnswer,The5thDimension,1971,all,plagal,plagal,plagal,plagal,misc,misc,D5noV,misc,D5noV,I-II-I,D5noV,I-II-I,I-II-I,I-II-I
OneNight,ElvisPresley,1959,all,auth,plagal,plagal,tonic,tonic,tonic,tonic,tonic,tonic,TL1,tonic,tonic,X-IVorV-I,I-IVorV-I
OneWayorAnother,Blondie,1979,all,plagal,auth,D5,auth,auth,misc,doowop,doowop,doowop,doowop,doowop,misc,TE-4/5,DW-IV
OnlySixteen,Dr.Hook,1976,all,auth,D5,A5D5,D5,D5,D5,D5,D5,D5,D5,D5,D5,DW-II,DW-II
OnTheRoadAgain,CannedHeat,1968,all,plagal,plagal,plagal,plagal,plagal,DP,DP,DP,misc,DTL,minorsubdom,minPuff,I-IV-I,minPuff
OnTheWingsOfANightingale,TheEverlyBrothers,1984,all,auth,plagal,plagal,tonic,tonic,tonic,tonic,tonic,tonic,TL1,tonic,tonic,X-IVorV-I,I-V-I
OutOfMyMind,JohnnyTillotson,1963,all,auth,plagal,auth,tonic,tonic,tonic,X-V-I,X-V-I,IV-V-I,class,X-V-I,IV-V-I,X-V-I1,IV-V-I
"OutOfSight,OutOfMind",LittleAnthony&TheImperials,1969,all,auth,D5,A5D5,D5,D5,D5,X-V-I,tonic,II-V-I,TLminor,TL/251,TL/251,I-IVorV-I,X-V-I
OverTheHillsandFarAway,LedZeppelin,1973,all,auth,plagal,plagal,tonic,tonic,tonic,tonic,tonic,tonic,TL1,minorsubdom,minPuff,X-IVorV-I,minPuff
PaperRoses,MarieOsmond,1973,all,auth,D5,A5D5,D5,D5,D5,D5,D5,D5,D5,D5,D5,DW-II,DW-II
ParadisebytheDashboardLight,Meatloaf,1978,all,auth,auth,auth,auth,misc,auth,doowop,doowop,doowop,doowop,doowop,misc,TE-4/5,DW-IV
Patches,ClarenceCarter,1970,all,plagal,D5,A5D5,D5,D5,D5,plagal,D5,D5,D5,D5,D5,DW-II,DW-II
People,BarbaraStreisand,1964,all,auth,D5,A5D5,D5,D5,D5,D5,D5,D5,D5,D5,D5,DW-II,D5
PeopleGetReady,JeffBeck,1985,all,auth,D5,A5D5,D5,D5,D5,D5,doowop,D5,doowop,D5,D5,DW-II,DW-II
PeopleGotToBeFree,TheRascals,1968,all,auth,plagal,plagal,tonic,tonic,tonic,tonic,tonic,tonic,TL1,tonic,misc,TE-4/5,I-IVorV-I
Perfidia,TheVentures,1960,all,auth,D5,A5D5,D5,D5,D5,D5,D5,D5,D5,D5,D5,DW-II,DW-II
PhiladelphiaFreedom,EltonJohn,1975,all,auth,auth,plagal,tonic,tonic,tonic,tonic,tonic,tonic,TL1,tonic,tonic,X-IVorV-I,I-IVorV-I
PinballWizard,TheWho,1969,all,auth,auth,D5,modal,misc,misc,D5noV,misc,D5noV,I-II-I,D5noV,I-V-I,D5,I-II-I
PlayThatFunkyMusic,WildCherry,1976,all,plagal,auth,D5,modal,modal,misc,D5noV,misc,D5noV,I-II-I,D5noV,I-V-I,modal,lament
Press,PaulMcCartney,1986,all,auth,D5,A5D5,D5,D5,auth,doowop,doowop,doowop,doowop,doowop,doowop,D5,D5
Pressure,BillyJoel,1983,all,auth,auth,auth,auth,auth,auth,doowop,doowop,doowop,doowop,doowop,doowop,DW-IV,DW-IV
PrettyInPink,PsychedelicFurs,1986,all,auth,D5,A5D5,D5,D5,D5,X-V-I,tonic,II-V-I,TLminor,TL/251,TL/251,I-IVorV-I,X-V-I
PrivateDancer,TinaTurner,1985,all,auth,D5,A5D5,D5,D5,D5,D5,tonic,II-V-I,TLminor,TL/251,misc,I-IVorV-I,X-V-I
Promises,EricClapton,1978,all,auth,plagal,auth,tonic,tonic,tonic,tonic,tonic,tonic,TL1,tonic,I-V-I,X-IVorV-I,I-V-I
PromisesInTheDark,PatBenatar,1981,all,plagal,plagal,plagal,plagal,plagal,blues,plagal,blues,misc,blues,misc,misc,TE-4/5,blues
PutYourHandInTheHand,Ocean,1971,all,auth,D5,A5D5,D5,D5,D5,D5,D5,D5,D5,D5,D5,DW-II,DW-II
QuarterToThree,GaryU.S.Bonds,1961,all,auth,auth,auth,auth,auth,auth,doowop,doowop,doowop,doowop,doowop,doowop,DW-IV,DW-IV
QueenOfHearts,JuiceNewton,1981,all,auth,auth,auth,tonic,tonic,tonic,X-V-I,X-V-I,IV-V-I,class,X-V-I,IV-V-I,X-V-I1,IV-V-I
Ramblin'Rose,NatKingCole,1962,all,auth,D5,A5D5,D5,D5,D5,D5,tonic,II-V-I,TLminor,TL/251,TL/251,I-IVorV-I,X-V-I
RebelYell,BillyIdol,1984,all,plagal,auth,D5,modal,modal,minor,minor,minor,minor,minor,minorD5,minor,modal,minor
RedneckFriend,JacksonBrowne,1973,all,auth,auth,auth,auth,auth,auth,doowop,doowop,doowop,doowop,doowop,doowop,DW-IV,DW-IV
RedRedWine,UB40,1984,all,plagal,plagal,auth,plagal,plagal,blues,X-V-I,X-V-I,IV-V-I,class,X-V-I,IV-V-I,X-V-I1,IV-V-I
Reelin'&Rockin',ChuckBerry,1972,all,auth,plagal,plagal,tonic,tonic,tonic,tonic,tonic,tonic,TL1,tonic,tonic,X-IVorV-I,I-IVorV-I
Reminiscing,LittleRiverBand,1978,all,auth,D5,A5D5,D5,D5,D5,D5,D5,D5,D5,D5,D5,D5,D5
RescueMe,FontellaBass,1965,all,auth,auth,auth,tonic,tonic,tonic,tonic,tonic,tonic,class,X-V-I,tonic,X-V-I1,IV-V-I
RhinestoneCowboy,GlenCampbell,1975,all,plagal,plagal,plagal,plagal,plagal,blues,plagal,blues,blues,blues,subdom,blues,blues/TE4,blues
RichGirl,HallandOates,1977,all,auth,D5,A5D5,tonic,tonic,tonic,tonic,tonic,tonic,TL1,tonic,tonic,D5,D5
RidersOnTheStorm,TheDoors,1971,all,plagal,auth,D5,modal,modal,minor,minor,minor,minor,minor,minorD5,minor,modal,minor
"RightHere,RightNow",JesusJones,1991,all,plagal,plagal,plagal,tonic,tonic,tonic,tonic,tonic,tonic,TL1,tonic,tonic,X-IVorV-I,II-IV-V-I
RightPlaceWrongTime,Dr.John,1973,all,plagal,plagal,plagal,plagal,plagal,DP,DP,DP,misc,DTL,misc,I-IV-I,I-IV-I,I-IV-I
Rock'n'RollFantasy,BadCompany,1979,all,plagal,auth,D5,modal,modal,minor,minor,minor,minor,minor,minorD5,minor,minor,minor
Rock'nMe,SteveMillerBand,1976,all,plagal,plagal,plagal,plagal,plagal,DP,DP,DP,misc,DTL,misc,I-IV-I,I-IV-I,I-IV-I
"RockandRoll,HoochieKoo",RickDerringer,1974,all,auth,plagal,plagal,tonic,tonic,tonic,tonic,tonic,tonic,TL1,minorsubdom,minPuff,minor,minPuff
RockAndRollNeverForgets,BobSeger,1977,all,plagal,plagal,plagal,tonic,misc,misc,D5noV,misc,D5noV,I-II-I,D5noV,I-II-I,I-II-I,I-II-I
RocketRide,Kiss,1978,all,plagal,D5,A5D5,modal,misc,misc,D5noV,misc,D5noV,I-II-I,D5noV,misc,TE-4/5,I-II-I
RockThisTown,StrayCats,1982,all,auth,auth,auth,tonic,misc,misc,D5noV,misc,D5noV,I-II-I,D5noV,I-II-I,I-II-I,I-II-I
RockyMountainHigh,JohnDenver,1972,all,auth,auth,auth,auth,auth,auth,X-V-I,X-V-I,IV-V-I,class,X-V-I,IV-V-I,X-V-I1,II-IV-V-I
RollOnDownTheHighway,Bachman-TurnerOverdrive,1975,all,auth,auth,D5,modal,modal,minor,minor,minor,minor,minor,minorD5,minor,minor,minor
RubyBaby,Dion,1963,all,plagal,plagal,plagal,plagal,plagal,blues,plagal,blues,blues,blues,subdom,blues,blues/TE4,blues
RunaroundSue,Dion,1961,all,auth,auth,auth,auth,auth,auth,doowop,doowop,doowop,doowop,doowop,doowop,DW-IV,DW-IV
RunningOnEmpty,JacksonBrowne,1978,all,plagal,plagal,plagal,plagal,plagal,blues,plagal,blues,blues,blues,subdom,blues,blues/TE4,blues
RunningUpThatHill,KateBush,1985,all,plagal,plagal,D5,modal,modal,minor,minor,minor,minor,minor,minorD5,minor,minor,minor
SadEyes,RobertJohn,1979,all,plagal,plagal,plagal,plagal,plagal,DP,DP,DP,misc,DTL,misc,I-IV-I,I-IV-I,II-IV-V-I
SailOnSailor,TheBeachBoys,1975,all,plagal,auth,D5,modal,modal,minor,minor,minor,minor,minor,minorD5,minor,minor,minor
SanctifyYourself,SimpleMinds,1986,all,plagal,plagal,plagal,plagal,plagal,DP,DP,DP,misc,DTL,misc,I-IV-I,I-IV-I,I-IV-I
SaraSmile,DarylHall&JohnOates,1976,all,plagal,auth,D5,modal,modal,minor,minor,minor,minor,minor,minorD5,minor,minor,minor
SaturdayNight,BayCityRollers,1975,all,auth,auth,auth,auth,auth,auth,doowop,doowop,doowop,doowop,doowop,misc,TE-4/5,DW-IV
ScarletFever,KennyRogers,1983,all,auth,auth,auth,tonic,tonic,tonic,X-V-I,X-V-I,IV-V-I,class,X-V-I,IV-V-I,X-V-I1,IV-V-I
Schoool'sout,AliceCooper,1972,all,plagal,auth,D5,modal,modal,misc,D5noV,misc,D5noV,I-II-I,D5noV,I-V-I,modal,lament
SeasonsOfTheHeart,JohnDenver,1982,all,auth,auth,auth,auth,auth,tonic,X-V-I,X-V-I,IV-V-I,class,X-V-I,IV-V-I,X-V-I1,IV-V-I
SecretLove,FreddyFender,1975,all,auth,D5,A5D5,D5,D5,D5,D5,tonic,II-V-I,TLminor,TL/251,TL/251,I-IVorV-I,X-V-I
SeeSeeRider,LaVernBaker,1963,all,plagal,plagal,plagal,plagal,plagal,blues,plagal,blues,blues,blues,subdom,blues,blues/TE4,blues
September,"Earth,Wind&Fire",1979,all,auth,auth,auth,tonic,tonic,tonic,tonic,tonic,tonic,class,X-V-I,I-V-I,X-V-I1,lament
SexyEyes,Dr.Hook,1980,all,auth,D5,A5D5,D5,D5,D5,D5,D5,D5,D5,D5,D5,DW-II,DW-II
ShadowDancing,AndyGibb,1978,all,plagal,auth,D5,modal,modal,minor,minor,minor,minor,class,minorD5,IV-V-I,X-V-I1,IV-V-I
ShakeYourGrooveThing,PeachesandHerb,1978,all,auth,auth,D5,modal,misc,misc,D5noV,misc,D5noV,I-II-I,D5noV,I-II-I,I-II-I,I-II-I
ShapeOfThingsToCome,MaxFrost&TheTroopers,1968,all,auth,auth,auth,tonic,tonic,tonic,tonic,tonic,tonic,class,minorsubdom,minPuff,X-V-I1,minPuff
ShapesOfThings,TheYardbirds,1966,all,auth,auth,D5,tonic,tonic,tonic,tonic,tonic,tonic,I-V-I,I-V-I,I-V-I,X-V-I2,I-V-I
She'sALady,TomJones,1971,all,auth,D5,A5D5,D5,misc,misc,D5noV,misc,D5noV,I-II-I,D5noV,I-II-I,I-II-I,I-II-I
She'sAWoman,TheBeatles,1964,all,plagal,plagal,plagal,plagal,plagal,blues,plagal,blues,blues,blues,subdom,blues,blues/TE4,blues
SheBop,CyndiLauper,1984,all,plagal,auth,D5,modal,modal,minor,minor,minor,minor,minor,minorD5,minor,minor,minor
SheThinksIStillCare,ElvisPresley,1977,all,auth,plagal,plagal,tonic,tonic,tonic,tonic,tonic,tonic,TL1,tonic,tonic,X-IVorV-I,I-IVorV-I
ShocktheMonkey,PeterGabriel,1982,all,plagal,auth,D5,modal,modal,minor,minor,minor,minor,minor,minorD5,minor,modal,minor
SidewalkSurfin',Jan&Dean,1964,all,auth,auth,auth,tonic,tonic,tonic,tonic,tonic,tonic,TL1,minorsubdom,minPuff,X-IVorV-I,minPuff
SilentLucidity,Queensryche,1991,all,plagal,auth,D5,modal,auth,misc,D5noV,misc,doowop,doowop,doowop,I-V-I,DW-IV,II-IV-V-I
SilentNight,BingCrosby,1960,all,auth,plagal,plagal,tonic,tonic,tonic,tonic,tonic,tonic,TL1,tonic,tonic,X-IVorV-I,I-IVorV-I
SilverThreadsAndGoldenNeedles,TheCowsills,1969,all,plagal,plagal,plagal,plagal,plagal,blues,plagal,blues,blues,DTL,subdom,tonic,blues/TE4,blues
Simon&Garfunkel,Mrs.Robinson,1968,all,auth,auth,auth,auth,auth,auth,doowop,doowop,doowop,doowop,doowop,doowop,DW-IV,DW-IV
Situation,Yaz,1982,all,auth,auth,D5,tonic,modal,minor,minor,minor,minor,minor,minorD5,minor,modal,minor
SixDaysOnTheRoad,DaveDudley,1963,all,auth,auth,auth,tonic,tonic,tonic,tonic,tonic,tonic,I-V-I,I-V-I,tonic,X-V-I2,I-V-I
SleepWalk,Santo&Johnny,1959,all,auth,auth,auth,auth,auth,auth,doowop,doowop,doowop,doowop,doowop,doowop,DW-IV,DW-IV
Smokin'InTheBoysRoom,Brownsvillestation,1973,all,plagal,plagal,plagal,plagal,plagal,blues,plagal,blues,blues,blues,subdom,blues,blues/TE4,blues
SmokingGun,TheRobertCrayBand,1987,all,plagal,plagal,plagal,plagal,plagal,DP,DP,DP,misc,DTL,misc,I-IV-I,I-IV-I,I-IV-I
SomebodysWatchingMe,Rockwell,1984,all,plagal,auth,D5,modal,modal,minor,minor,minor,minor,minor,minorD5,minor,minor,minor
SomeDaysAreDiamonds(SomeDaysAreStone),JohnDenver,1981,all,auth,D5,A5D5,D5,D5,D5,D5,D5,D5,D5,D5,D5,DW-II,DW-II
SomeLikeItHot,ThePowerStation,1985,all,plagal,auth,D5,modal,modal,minor,minor,minor,minor,minor,minorD5,minor,minor,minor
Someone,TheRembrandts,1991,all,plagal,plagal,plagal,plagal,plagal,blues,plagal,blues,DP,DP/251,subdom,blues,blues/TE4,DP
SomethingAboutYou,Level42,1986,all,auth,auth,D5,modal,misc,minor,D5noV,misc,D5noV,I-II-I,D5noV,I-II-I,I-II-I,I-II-I
SoulAndInspiration,TheRighteousBrothers,1966,all,auth,auth,auth,auth,auth,auth,X-V-I,X-V-I,IV-V-I,class,X-V-I,misc,TE-4/5,II-IV-V-I
SoulDanceNumber3,WilsonPickett,1967,all,auth,auth,auth,tonic,tonic,tonic,tonic,tonic,tonic,class,X-V-I,I-V-I,X-V-I1,lament
SouthernCross,"Crosby,Stills&Nash",1982,all,plagal,plagal,plagal,plagal,misc,DP,DP,DP,DP,DP/251,DP,DP,DP,DP
SpaceOddity,DavidBowie,1973,all,plagal,auth,D5,modal,modal,minor,minor,minor,minor,minor,minorD5,minor,modal,lament
SpiritsInTheMaterialWorld,ThePolice,1982,all,auth,auth,D5,tonic,modal,tonic,tonic,tonic,tonic,class,minorD5,I-V-I,modal,lament
StandByMe,"DavidRuffin,JimmyRuffin",1970,all,auth,auth,auth,auth,auth,auth,doowop,doowop,doowop,doowop,doowop,doowop,DW-IV,DW-IV
StandingInTheShadowsOfLove,FourTops,1967,all,plagal,plagal,plagal,tonic,modal,DP,tonic,tonic,tonic,minor,tonic,tonic,minor,I-IV-I
StartingOverAgain,DollyParton,1980,all,auth,D5,A5D5,D5,D5,D5,D5,tonic,II-V-I,TLminor,TL/251,TL/251,I-IVorV-I,X-V-I
Still,Commodores,1980,all,auth,auth,auth,auth,auth,auth,X-V-I,X-V-I,IV-V-I,class,X-V-I,I-II-I,I-II-I,IV-V-I
StillCruisin,TheBeachBoys,1989,all,auth,D5,A5D5,D5,D5,D5,D5,tonic,II-V-I,TLminor,TL/251,TL/251,I-IVorV-I,X-V-I
StonedLove,TheSupremes,1970,all,plagal,auth,D5,modal,misc,misc,D5noV,misc,D5noV,I-II-I,D5noV,I-II-I,I-II-I,I-II-I
StoptheWedding,EttaJames,1962,all,plagal,plagal,plagal,plagal,plagal,blues,X-V-I,X-V-I,IV-V-I,class,X-V-I,IV-V-I,X-V-I1,IV-V-I
StopThisGame,CheapTrick,1980,all,auth,auth,auth,auth,auth,auth,X-V-I,X-V-I,IV-V-I,class,X-V-I,IV-V-I,X-V-I1,IV-V-I
StraightFromTheHeart,TheAllmanBrothers,1981,all,auth,D5,A5D5,D5,D5,D5,D5,tonic,II-V-I,TLminor,TL/251,TL/251,I-IVorV-I,X-V-I
SugarMagnolia,TheGreatfulDead,1973,all,auth,plagal,plagal,tonic,tonic,tonic,tonic,tonic,tonic,TL1,tonic,tonic,X-IVorV-I,I-IVorV-I
SugarShack,TheFireballs,1963,all,plagal,plagal,plagal,plagal,plagal,DP,DP,DP,misc,DTL,misc,I-IV-I,I-IV-I,I-IV-I
Suite:JudyBlueEyes,"Crosby,Stills&Nash",1969,all,plagal,plagal,plagal,plagal,plagal,blues,plagal,blues,blues,blues,subdom,blues,blues/TE4,blues
Sukiyaki,ATasteOfHoney,1981,all,plagal,auth,auth,plagal,plagal,blues,X-V-I,X-V-I,IV-V-I,blues,X-V-I,IV-V-I,blues/TE4,IV-V-I
SummertimeBlues,BlueCheer,1968,all,auth,auth,auth,tonic,tonic,tonic,X-V-I,X-V-I,IV-V-I,class,X-V-I,IV-V-I,X-V-I1,IV-V-I
SundayMorningSunshine,HarryChapin,1972,all,plagal,D5,A5D5,D5,D5,D5,D5,tonic,DP,DP/251,DP,DP,DP,DP
Sunflower,GlenCampbell,1977,all,auth,plagal,plagal,tonic,tonic,tonic,tonic,tonic,tonic,TL1,tonic,tonic,X-IVorV-I,I-IVorV-I
Sunrise,EricCarmen,1976,all,auth,D5,A5D5,D5,D5,D5,D5,D5,D5,D5,D5,D5,DW-II,D5
SunshineofYourLove,Cream,1968,all,plagal,auth,auth,auth,auth,DP,X-V-I,X-V-I,DP,DP/251,DP,DP,DP,DP
SunshineSuperman,Donovan,1966,all,plagal,plagal,plagal,plagal,plagal,blues,plagal,blues,blues,blues,subdom,blues,blues/TE4,blues
SuperFreakPartOne,RickJames,1981,all,plagal,auth,D5,modal,modal,minor,minor,minor,minor,minor,minorD5,minor,modal,minor
Superman,DonnaFargo,1973,all,plagal,plagal,plagal,plagal,plagal,blues,plagal,blues,blues,blues,subdom,blues,blues/TE4,blues
Surfin'Safari,TheBeachBoys,1962,all,auth,D5,A5D5,D5,D5,D5,D5,tonic,II-V-I,TLminor,TL/251,TL/251,I-IVorV-I,X-V-I
Surrender,CheapTrick,1978,all,plagal,auth,D5,modal,modal,misc,D5noV,misc,D5noV,I-II-I,D5noV,I-V-I,modal,lament
SweetCaroline(GoodTimesNeverSeemedSoGood),BobbyWomack,1972,all,auth,plagal,plagal,tonic,tonic,tonic,tonic,tonic,tonic,TL1,tonic,tonic,X-IVorV-I,I-IVorV-I
SweetHomeAlabama,LynyrdSkynyrd,1974,all,plagal,plagal,plagal,plagal,plagal,blues,plagal,blues,blues,blues,subdom,blues,blues/TE4,blues
SweetLittleRockN'Roll,ChuckBerry,1958,all,plagal,plagal,plagal,plagal,plagal,blues,plagal,blues,blues,blues,subdom,blues,blues/TE4,blues
SweetLove,AnitaBaker,1986,all,auth,auth,auth,tonic,tonic,tonic,tonic,tonic,tonic,class,X-V-I,IV-V-I,X-V-I1,IV-V-I
SweetMusicMan,KennyRogers,1978,all,auth,D5,A5D5,D5,D5,D5,D5,tonic,II-V-I,TLminor,TL/251,TL/251,I-IVorV-I,X-V-I
SweetNothin's,BrendaLee,1960,all,plagal,plagal,plagal,plagal,plagal,blues,plagal,blues,blues,blues,subdom,blues,blues/TE4,blues
SweetSoulMusic,ArthurConley,1967,all,plagal,plagal,plagal,plagal,plagal,blues,plagal,blues,blues,blues,subdom,blues,blues/TE4,blues
SweetSurrender,Bread,1972,all,auth,auth,auth,auth,misc,auth,X-V-I,X-V-I,IV-V-I,class,X-V-I,I-II-I,I-II-I,I-II-I
SwingTalkin'Guy,Chiffons,1966,all,plagal,plagal,plagal,tonic,tonic,tonic,tonic,tonic,tonic,I-V-I,tonic,misc,TE-4/5,I-V-I
TaintedLove,SoftCell,1982,all,plagal,plagal,plagal,plagal,plagal,DP,DP,DP,misc,DTL,misc,minPuff,I-IV-I,I-IV-I
TakeAChanceOnMe,Abba,1978,all,auth,auth,auth,auth,auth,auth,doowop,doowop,doowop,doowop,doowop,doowop,DW-IV,DW-IV
TakeMeDown,Alabama,1982,all,plagal,plagal,plagal,tonic,misc,tonic,tonic,tonic,tonic,TL1,tonic,I-II-I,X-IVorV-I,I-IVorV-I
TalkBackTremblingLips,JohnnyTillotson,1963,all,auth,D5,A5D5,D5,D5,D5,D5,tonic,II-V-I,TLminor,TL/251,TL/251,I-IVorV-I,X-V-I
Talktome,ChicoDeBarge,1987,all,plagal,auth,D5,modal,misc,misc,D5noV,misc,D5noV,I-II-I,D5noV,I-II-I,I-II-I,I-II-I
"TarzanBoy(From""TeenageMutantNinjaTurtlesIII"")",Baltimora,1986,all,auth,auth,auth,auth,auth,auth,doowop,doowop,doowop,doowop,doowop,doowop,X-V-I2,DW-IV
TeachYourChildren,"Crosby,Stills&Nash",1970,all,auth,plagal,plagal,tonic,tonic,tonic,tonic,tonic,tonic,TL1,tonic,tonic,X-IVorV-I,I-IVorV-I
TellItLikeItIs,TheNevilleBrothers,1966,all,auth,D5,A5D5,D5,D5,D5,D5,D5,II-V-I,D5,D5,D5,I-IVorV-I,D5
TellMeWhatYouWantMeToDo,TevinCampbell,1991,all,auth,D5,A5D5,D5,D5,D5,D5,doowop,II-V-I,I-V-I,I-V-I,I-V-I,X-V-I2,I-V-I
Tenderness,GeneralPublic,1984,all,plagal,plagal,plagal,plagal,plagal,blues,plagal,blues,blues,blues,subdom,blues,blues/TE4,blues
TenPercent,DoubleExposure,1976,all,auth,D5,A5D5,D5,D5,minor,minor,tonic,II-V-I,TLminor,TL/251,TL/251,I-IVorV-I,X-V-I
That'sOldFashioned(That'sTheWayLoveShouldBe),TheEverlyBrothers,1962,all,auth,D5,A5D5,D5,D5,D5,D5,tonic,II-V-I,TLminor,TL/251,TL/251,I-IVorV-I,X-V-I
That'stheWayIFeelAboutCha,BobbyWomack,1971,all,auth,D5,A5D5,D5,D5,D5,D5,tonic,II-V-I,TLminor,TL/251,TL/251,I-IVorV-I,X-V-I
ThatGirl,StevieWonder,1982,all,auth,D5,A5D5,D5,D5,D5,D5,tonic,II-V-I,TLminor,TL/251,TL/251,I-IVorV-I,DP
ThatOldBlackMagic,LouisPrima&KeelySmith,1958,all,auth,D5,A5D5,D5,D5,D5,D5,D5,D5,D5,D5,D5,D5,D5
"TheAnaheim,Azusa&CucamongaSewingCircle,BookReviewAndTimingAssociation",Jan&Dean,1964,all,plagal,plagal,D5,modal,modal,DP,DP,DP,misc,DTL,misc,I-IV-I,I-IV-I,I-IV-I
TheAnimals,SanFranciscanNights,1967,all,plagal,auth,D5,modal,modal,misc,D5noV,misc,D5noV,I-II-I,D5noV,I-V-I,modal,lament
TheArmsOfOrion,Prince&SheenaEaston,1989,all,auth,D5,A5D5,D5,D5,D5,D5,tonic,II-V-I,TLminor,tonic,misc,TE-4/5,X-V-I
TheBattleOfNewOrleans,JohnnyHorton,1959,all,auth,auth,auth,auth,auth,auth,X-V-I,X-V-I,IV-V-I,class,X-V-I,IV-V-I,X-V-I1,IV-V-I
TheBest,TinaTurner,1989,all,auth,auth,auth,auth,auth,auth,doowop,doowop,doowop,doowop,doowop,doowop,DW-IV,DW-IV
TheBestDiscoInTown,TheRitchieFamily,1976,all,auth,D5,A5D5,auth,auth,auth,doowop,doowop,doowop,doowop,doowop,doowop,DW-IV,DW-IV
TheBitchIsBack,EltonJohn,1974,all,auth,plagal,plagal,tonic,tonic,tonic,tonic,tonic,DP,TL1,tonic,tonic,X-IVorV-I,DP
TheGoonies`RGoodEnough,CyndiLauper,1985,all,auth,auth,auth,auth,auth,auth,doowop,doowop,doowop,doowop,doowop,misc,DW-IV,DW-IV
TheHumptyDance,DigitalUnderground,1990,all,plagal,auth,D5,modal,modal,misc,D5noV,misc,D5noV,I-II-I,D5noV,I-V-I,modal,lament
TheJoker,SteveMillerBand,1973,all,plagal,plagal,plagal,plagal,plagal,blues,plagal,blues,blues,blues,subdom,blues,blues/TE4,blues
TheLongRun,Eagles,1980,all,plagal,plagal,plagal,plagal,plagal,DP,DP,DP,misc,DTL,misc,I-IV-I,I-IV-I,I-IV-I
TheLook,Roxette,1989,all,plagal,plagal,D5,modal,modal,minor,minor,minor,minor,minor,minorD5,minor,minor,minor
TheLookOfLove,IsaacHayes,1971,all,plagal,auth,D5,modal,modal,minor,minor,minor,minor,minor,minorD5,minor,modal,minor
ThemeFromElectricSurfboard,BrotherJackMcDuff,1969,all,auth,auth,D5,modal,tonic,tonic,tonic,tonic,tonic,class,minorsubdom,minPuff,X-V-I1,minPuff
ThemeFromTheDukesOfHazzard,WaylonJennings,1980,all,auth,plagal,plagal,tonic,tonic,tonic,tonic,tonic,tonic,TL1,tonic,tonic,X-IVorV-I,I-IVorV-I
TheMillionaire,Dr.Hook,1975,all,auth,D5,A5D5,D5,D5,D5,D5,tonic,II-V-I,TLminor,TL/251,TL/251,I-IVorV-I,X-V-I
TheNightChicagoDied,PaperLace,1974,all,auth,D5,A5D5,D5,D5,D5,D5,tonic,II-V-I,TLminor,TL/251,TL/251,I-IVorV-I,X-V-I
TheOtherGuy,LittleRiverBand,1983,all,plagal,plagal,plagal,plagal,plagal,blues,plagal,blues,blues,blues,subdom,blues,blues/TE4,blues
ThePeopleInMe,TheMusicMachine,1967,all,auth,auth,auth,auth,auth,auth,X-V-I,X-V-I,IV-V-I,class,X-V-I,IV-V-I,X-V-I1,IV-V-I
ThePower,Snap,1990,all,auth,auth,auth,tonic,tonic,tonic,tonic,tonic,tonic,I-V-I,I-V-I,I-V-I,X-V-I2,I-V-I
There'llNeverBe,Switch,1978,all,auth,D5,A5D5,D5,D5,D5,D5,D5,D5,D5,D5,D5,D5,D5
There'sNoOther(LikeMyBaby),TheCrystals,1961,all,auth,auth,auth,auth,auth,auth,doowop,doowop,doowop,doowop,doowop,doowop,DW-IV,DW-IV
There'stheGirl,Heart,1988,all,plagal,auth,D5,modal,modal,minor,minor,minor,minor,minor,minorD5,minor,minor,minor
ThereButForFortune,JoanBaez,1965,all,auth,D5,A5D5,D5,D5,D5,D5,D5,D5,D5,D5,D5,D5,D5
ThereGoesMyEverything,ElvisPresley,1971,all,auth,auth,auth,tonic,misc,misc,D5noV,misc,D5noV,I-II-I,D5noV,I-II-I,I-II-I,I-II-I
ThereSheGoes,TheLas,1991,all,auth,auth,auth,auth,misc,misc,X-V-I,X-V-I,IV-V-I,I-V-I,I-V-I,I-II-I,X-V-I2,I-V-I
TheRightTime,RayCharles,1959,all,plagal,plagal,plagal,plagal,plagal,blues,plagal,blues,blues,blues,subdom,blues,blues/TE4,blues
TheRose,BetteMidler,1980,all,auth,auth,auth,auth,auth,auth,X-V-I,X-V-I,IV-V-I,I-V-I,I-V-I,IV-V-I,X-V-I2,I-V-I
TheseBootsAreMadeForWalkin',NancySinatra,1966,all,plagal,plagal,plagal,plagal,plagal,DP,DP,DP,misc,DTL,misc,I-IV-I,I-IV-I,I-IV-I
TheSoundsOfSilence,Simon&Garfunkel,1965,all,auth,auth,auth,tonic,tonic,misc,tonic,tonic,tonic,I-V-I,I-V-I,I-V-I,X-V-I2,I-V-I
TheSpiritofRadio,Rush,1980,all,auth,auth,auth,auth,auth,auth,X-V-I,X-V-I,IV-V-I,I-V-I,I-V-I,misc,TE-4/5,I-V-I
TheStroke,BillySquier,1981,all,plagal,auth,D5,modal,misc,minor,plagal,blues,D5noV,I-II-I,minorD5,I-II-I,I-II-I,I-II-I
TheThrillIsGone,B.B.King,1970,all,auth,plagal,plagal,tonic,tonic,tonic,tonic,tonic,tonic,TL1,tonic,tonic,X-IVorV-I,I-IVorV-I
TheTwist,ChubbyChecker,1962,all,plagal,plagal,plagal,plagal,plagal,blues,plagal,blues,blues,blues,subdom,blues,blues/TE4,blues
TheWaysOfAWomanInLove,JohnnyCash,1958,all,auth,plagal,plagal,tonic,tonic,tonic,tonic,tonic,tonic,TL1,tonic,tonic,X-IVorV-I,I-IVorV-I
TheWayYouDoTheThingsYouDo,UB40,1990,all,plagal,plagal,plagal,plagal,plagal,blues,plagal,blues,blues,blues,subdom,blues,blues/TE4,blues
TheYearThatClaytonDelaneyDied,TomT.Hall,1971,all,auth,plagal,plagal,tonic,tonic,tonic,tonic,tonic,tonic,TL1,tonic,tonic,X-IVorV-I,I-IVorV-I
Think,JamesBrown,1973,all,plagal,plagal,plagal,tonic,tonic,tonic,tonic,tonic,tonic,TL1,tonic,tonic,X-IVorV-I,I-IVorV-I
ThinkOfMe,BuckOwens,1966,all,auth,auth,auth,auth,auth,auth,X-V-I,X-V-I,IV-V-I,class,X-V-I,IV-V-I,X-V-I1,IV-V-I
ThisHouse,TracieSpencer,1990,all,plagal,auth,D5,modal,modal,minor,minor,minor,minor,minor,minorD5,minor,modal,lament
ThisLittleGirl,Dion,1963,all,auth,auth,auth,auth,auth,auth,doowop,doowop,doowop,doowop,doowop,doowop,DW-IV,DW-IV
ThisShouldGoOnForever,RodBernard,1959,all,auth,auth,auth,tonic,misc,misc,D5noV,misc,D5noV,I-V-I,I-V-I,I-II-I,X-V-I2,I-V-I
ThisSong,GeorgeHarrison,1977,all,auth,D5,A5D5,D5,D5,D5,X-V-I,D5,D5,D5,D5,D5,D5,D5
ThoseLazy-Hazy-CrazyDaysOfSummer,NatKingCole,1963,all,auth,D5,A5D5,D5,D5,D5,D5,D5,D5,D5,D5,D5,D5,D5
ThreeHeartsInATangle,RoyDrusky,1961,all,auth,plagal,plagal,tonic,tonic,tonic,tonic,tonic,tonic,TL1,tonic,tonic,X-IVorV-I,I-IVorV-I
ThreeTimesALady,TheCommodores,1978,all,plagal,auth,D5,modal,misc,misc,D5noV,misc,D5noV,I-II-I,D5noV,I-II-I,I-II-I,I-II-I
ThroughTheYears,KennyRogers,1981,all,auth,D5,A5D5,D5,D5,D5,D5,D5,D5,D5,D5,D5,D5,D5
TillTheEndOfTheDay,TheKinks,1966,all,plagal,auth,D5,modal,modal,minor,minor,minor,minor,minor,minorD5,minor,modal,minor
TimeForMeToFly,REOSpeedwagon,1980,all,plagal,plagal,plagal,plagal,plagal,blues,plagal,blues,blues,blues,subdom,blues,blues/TE4,blues
TimeIsOnMySide,RollingStones,1964,all,auth,D5,A5D5,D5,D5,D5,X-V-I,D5,II-V-I,D5,D5,D5,I-IVorV-I,X-V-I
TimeWillReveal,Debarge,1984,all,plagal,D5,A5D5,D5,D5,D5,D5,D5,D5,D5,D5,D5,D5,D5
"Tonight,Tonight,Tonight",Genesis,1987,all,auth,auth,auth,auth,modal,minor,minor,minor,minor,minor,minorD5,minor,minor,IV-V-I
TooManyRivers,BrendaLee,1965,all,auth,D5,A5D5,D5,D5,D5,D5,D5,D5,D5,D5,D5,DW-II,DW-II
TooWeakToFight,ClarenceCarter,1968,all,plagal,plagal,plagal,plagal,plagal,blues,plagal,blues,blues,blues,subdom,blues,blues/TE4,blues
TornBetweenTwoLovers,MaryMacGregor,1976,all,auth,D5,A5D5,D5,D5,D5,D5,D5,D5,D5,D5,D5,DW-II,DW-II
TownWithout,GenePitney,1961,all,auth,auth,auth,tonic,tonic,tonic,X-V-I,X-V-I,IV-V-I,class,X-V-I,IV-V-I,X-V-I1,IV-V-I
TrampledUnderFoot,LedZeppelin,1975,all,plagal,plagal,D5,modal,modal,minor,minor,minor,minor,minor,minorsubdom,minPuff,minor,minPuff
TreatHerLikeALady,CorneliusBrothers&SisterRose,1971,all,plagal,plagal,plagal,plagal,plagal,DP,DP,DP,misc,DTL,minorsubdom,minPuff,I-IV-I,minPuff
TreatHerRight,RoyHead,1965,all,plagal,plagal,plagal,plagal,plagal,blues,plagal,blues,blues,blues,subdom,blues,blues/TE4,blues
TRUE,SpandauBallet,1983,NA,NA,NA,NA,NA,NA,NA,NA,NA,NA,NA,NA,NA,NA,NA
TrueColors,CyndiLauper,1986,all,plagal,plagal,plagal,tonic,misc,misc,D5noV,misc,D5noV,I-II-I,D5noV,I-II-I,I-II-I,I-II-I
TryingToLiveMyLifeWithoutYou,BobSeger&TheSilverBulletBand,1981,all,auth,plagal,auth,tonic,tonic,tonic,tonic,tonic,tonic,TL1,tonic,tonic,X-IVorV-I,I-IVorV-I
TuffEnuff,TheFabulousThunderbirds,1986,all,plagal,plagal,plagal,plagal,plagal,DP,DP,DP,misc,DTL,minorsubdom,minPuff,I-IV-I,minPuff
TumblingDice,TheRollingStones,1972,all,auth,auth,auth,tonic,tonic,tonic,X-V-I,X-V-I,IV-V-I,I-V-I,I-V-I,IV-V-I,X-V-I2,I-V-I
TwistingtheNightAway,RodStewart,1987,all,auth,auth,auth,auth,auth,auth,doowop,doowop,doowop,doowop,doowop,doowop,DW-IV,DW-IV
TwoHearts,PhilCollins,1989,all,auth,auth,auth,auth,misc,auth,X-V-I,X-V-I,IV-V-I,I-II-I,X-V-I,I-II-I,I-II-I,I-II-I
UnchainedMelody,TheRighteousBrothers,1965,all,auth,auth,auth,auth,auth,auth,doowop,doowop,doowop,doowop,doowop,misc,DW-IV,DW-IV
UndercoverAngel,AlanO'Day,1977,all,auth,plagal,plagal,tonic,tonic,tonic,tonic,tonic,tonic,TL1,tonic,tonic,X-IVorV-I,I-IVorV-I
Unforgettable,DinahWashington,1959,all,plagal,plagal,plagal,plagal,misc,misc,D5noV,misc,D5noV,I-II-I,D5noV,I-IV-I,I-IV-I,I-IV-I
UnskinnyBop,Poison,1990,all,plagal,plagal,plagal,plagal,plagal,DP,DP,DP,DP,DP/251,DP,DP,DP,DP
UpsideDown,DianaRoss,1980,all,plagal,auth,D5,modal,modal,minor,minor,minor,minor,minor,minorsubdom,minPuff,modal,minPuff
Venus,Bananarama,1986,all,auth,plagal,plagal,tonic,tonic,tonic,tonic,tonic,tonic,TL1,tonic,tonic,X-IVorV-I,I-IVorV-I
WaitingOnAFriend,RollingStones,1982,all,auth,auth,auth,auth,auth,auth,doowop,doowop,doowop,doowop,doowop,doowop,DW-IV,II-IV-V-I
WakeMeUpBeforeYouGo-Go,Wham!,1984,all,auth,auth,auth,tonic,misc,misc,D5noV,misc,D5noV,I-II-I,D5noV,I-II-I,I-II-I,I-II-I
WalkingInMemphis,MarcCohn,1991,all,auth,auth,auth,auth,auth,auth,doowop,doowop,doowop,doowop,doowop,doowop,DW-IV,DW-IV
WalkLikeAMan,GrandFunkRailroad,1973,all,plagal,plagal,plagal,plagal,plagal,DP,DP,DP,DP,DP/251,DP,DP,DP,DP
WalkOnTheWildSide(Part1),JimmySmith,1962,all,auth,plagal,plagal,tonic,tonic,tonic,tonic,tonic,tonic,TL1,tonic,tonic,X-IVorV-I,I-IVorV-I
WalkRightBack,TheEverlyBrothers,1961,all,plagal,auth,D5,modal,modal,misc,D5noV,misc,D5noV,I-V-I,I-V-I,I-V-I,X-V-I2,I-V-I
WalkRightIn,TheMoments,1963,all,auth,D5,A5D5,D5,D5,D5,D5,D5,D5,D5,D5,D5,DW-II,DW-II
WalkThisWay,Run-D.M.C.,1986,all,plagal,plagal,plagal,plagal,plagal,DP,DP,DP,misc,DTL,misc,I-IV-I,I-IV-I,I-IV-I
WannaBeStartin'Somethin',MichaelJackson,1983,all,plagal,auth,D5,modal,misc,misc,D5noV,misc,D5noV,I-II-I,D5noV,I-II-I,I-II-I,I-II-I
War,EdwinStarr,1970,all,plagal,auth,D5,modal,modal,DP,DP,DP,misc,DTL,misc,I-IV-I,modal,lament
We'reAllAlone,RitaCoolidge,1977,all,plagal,plagal,plagal,plagal,misc,misc,D5noV,misc,D5noV,I-II-I,D5noV,I-IV-I,D5,D5
WeAreTheChampions,Queen,1978,all,auth,D5,A5D5,auth,auth,auth,doowop,doowop,doowop,doowop,doowop,doowop,DW-IV,DW-IV
WeDon'tTalkAnymore,CliffRichard,1979,all,plagal,plagal,plagal,plagal,misc,misc,D5noV,misc,D5noV,I-II-I,D5noV,misc,TE-4/5,I-II-I
WeDontNeedAnotherHero(Thunderdome),TinaTurner,1985,all,auth,auth,auth,auth,auth,auth,X-V-I,X-V-I,IV-V-I,I-V-I,I-V-I,I-V-I,X-V-I2,I-V-I
Wendy,TheBeachBoys,1964,all,auth,D5,A5D5,D5,misc,misc,D5noV,D5,D5,D5,D5noV,I-II-I,D5,D5
WeTwo,LittleRiverBand,1983,all,plagal,plagal,plagal,plagal,plagal,blues,plagal,blues,blues,blues,subdom,blues,blues/TE4,blues
What'sLoveGotToDoWithIt,TinaTurner,1984,all,plagal,auth,D5,modal,modal,minor,minor,minor,minor,minor,minorD5,minor,modal,minor
WhatHaveIDoneToDeserveThis?,PetShopBoys,1988,all,plagal,auth,D5,modal,misc,misc,D5noV,misc,D5noV,I-II-I,D5noV,I-II-I,I-II-I,I-II-I
WhatYouSeeIsWhatYouGet,TinaTurner,1987,all,auth,auth,auth,auth,auth,auth,X-V-I,X-V-I,IV-V-I,class,X-V-I,IV-V-I,X-V-I1,IV-V-I
Wheels,TheString-A-Longs,1961,all,auth,auth,auth,tonic,tonic,tonic,tonic,tonic,tonic,I-V-I,I-V-I,I-V-I,X-V-I2,I-V-I
WhenIt'sLove,VanHalen,1988,all,auth,auth,auth,tonic,tonic,tonic,tonic,tonic,tonic,TL1,minorsubdom,minPuff,minor,minPuff
WhenWillIBeLoved,LindaRonstadt,1975,all,auth,auth,auth,auth,auth,auth,X-V-I,X-V-I,IV-V-I,class,X-V-I,IV-V-I,X-V-I1,IV-V-I
WhereAreYou,DinahWashington,1962,all,auth,D5,A5D5,D5,D5,D5,D5,D5,D5,D5,D5,D5,D5,D5
WhereDoYouWannaGo,TheFifthDimension,1967,all,plagal,plagal,plagal,plagal,plagal,DP,DP,DP,misc,DTL,misc,I-IV-I,I-IV-I,I-IV-I
WhereOrWhen,Dion,1960,all,auth,auth,auth,auth,auth,auth,doowop,doowop,doowop,doowop,doowop,doowop,DW-IV,DW-IV
WhereTheStreetsHaveNoNames,PetShopBoys,1991,all,plagal,auth,D5,modal,misc,misc,D5noV,misc,D5noV,I-II-I,D5noV,I-II-I,I-II-I,I-II-I
WhiteChristmas,BingCrosby,1962,all,plagal,plagal,plagal,tonic,tonic,DP,tonic,tonic,tonic,TL1,tonic,tonic,X-IVorV-I,I-IVorV-I
WhiteWedding,BillyIdol,1983,all,plagal,plagal,plagal,plagal,plagal,DP,DP,DP,DP,DP/251,DP,DP,DP,DP
WhoWearsTheseShoes,EltonJohn,1984,all,auth,plagal,plagal,tonic,tonic,tonic,tonic,tonic,tonic,TL1,tonic,tonic,X-IVorV-I,DP
WhoWillYouRunTo,Heart,1987,all,plagal,auth,D5,plagal,plagal,blues,plagal,blues,blues,blues,subdom,blues,blues/TE4,blues
WichitaLineman,GlenCampbell,1969,all,plagal,plagal,plagal,plagal,plagal,blues,plagal,blues,blues,blues,subdom,misc,TE-4/5,blues
WildHorses,RollingStones,1971,all,plagal,plagal,plagal,plagal,plagal,blues,plagal,blues,blues,blues,subdom,blues,blues/TE4,blues
WillieAndTheHandJive,EricClapton,1974,all,auth,auth,auth,tonic,tonic,tonic,tonic,tonic,tonic,TL1,tonic,tonic,X-V-I1,I-IVorV-I
WillieNelson,BlueEyesCryin',1975,all,auth,plagal,plagal,tonic,tonic,tonic,tonic,tonic,tonic,TL1,tonic,tonic,X-IVorV-I,I-IVorV-I
WillTheWolfSurvive,LosLobos,1985,all,plagal,plagal,plagal,plagal,plagal,blues,plagal,blues,blues,blues,subdom,blues,blues/TE4,blues
WillYouLoveMeTomorrow,TheShirelles,1961,all,auth,auth,auth,auth,auth,auth,doowop,doowop,doowop,doowop,doowop,doowop,DW-IV,DW-IV
WishSomeoneWouldCare,IrmaThomas,1964,all,auth,auth,auth,auth,auth,auth,doowop,doowop,doowop,doowop,doowop,doowop,DW-IV,DW-IV
WithALittleHelpFromMyFriends,JoeCocker,1968,all,auth,D5,A5D5,D5,D5,D5,D5,tonic,DP,DP/251,DP,DP,DP,DP
WithaLittleLuck,PaulMcCartney,1978,all,plagal,plagal,plagal,plagal,plagal,DP,DP,DP,misc,DTL,misc,I-IV-I,I-IV-I,I-IV-I
WithOrWithoutYou,U2,1987,all,plagal,plagal,plagal,plagal,plagal,blues,plagal,blues,blues,I-V-I,subdom,blues,X-V-I2,I-V-I
WithYouI'mBornAgain,BillyPreston,1979,all,auth,D5,A5D5,D5,D5,D5,X-V-I,tonic,II-V-I,TLminor,TL/251,TL/251,I-IVorV-I,X-V-I
WomanToWoman,ShirleyBrown,1975,all,plagal,auth,D5,modal,modal,misc,D5noV,misc,D5noV,I-II-I,D5noV,I-V-I,modal,lament
"WonderfulWorld,BeautifulPeople",JimmyCliff,1969,all,auth,plagal,plagal,tonic,tonic,tonic,tonic,tonic,tonic,TL1,tonic,tonic,TE-4/5,I-IVorV-I
WorldInMyEyes,DepecheMode,1990,all,plagal,plagal,plagal,plagal,plagal,DP,DP,DP,misc,DTL,misc,I-IV-I,I-IV-I,I-IV-I
WorriedGuy,JohnnyTillotson,1964,all,auth,auth,auth,auth,misc,auth,doowop,doowop,doowop,doowop,doowop,doowop,DW-IV,DW-IV
WouldItMakeAnyDifferenceToYou,EttaJames,1963,all,auth,auth,auth,auth,auth,auth,X-V-I,X-V-I,IV-V-I,class,X-V-I,IV-V-I,X-V-I1,IV-V-I
YearsAgo,GeorgeHarrison,1981,all,auth,D5,A5D5,D5,D5,D5,D5,D5,D5,D5,D5,D5,DW-II,DW-II
YearsFromNow,Dr.Hook,1980,all,auth,D5,A5D5,D5,D5,D5,X-V-I,tonic,II-V-I,I-V-I,TL/251,misc,I-IVorV-I,X-V-I
"You'reTheFirst,TheLast,MyEverything",BarryWhite,1974,all,auth,D5,A5D5,D5,D5,D5,D5,D5,D5,D5,D5,D5,D5,D5
You'vegotaFriend,RobertaFlackandDonnyHathaway,1971,all,auth,D5,A5D5,D5,D5,D5,D5,D5,D5,D5,D5,D5,D5,D5
You'veGotAnotherThingComin',JudasPriest,1982,all,auth,plagal,plagal,tonic,tonic,tonic,tonic,tonic,DP,DP/251,minorsubdom,minPuff,DP,minPuff
YouCan'tJudgeABookByTheCover,BoDiddley,1962,all,plagal,plagal,plagal,plagal,plagal,blues,plagal,blues,blues,blues,subdom,blues,blues/TE4,blues
YouCan'tRollerSkateInABuffaloHerd,RogerMiller,1966,all,auth,D5,A5D5,D5,D5,D5,D5,tonic,II-V-I,TLminor,TL/251,TL/251,I-IVorV-I,X-V-I
YouCanCallMeAl,PaulSimon,1986,all,auth,auth,auth,auth,auth,auth,X-V-I,X-V-I,IV-V-I,I-V-I,I-V-I,I-V-I,X-V-I2,I-V-I
YouDecoratedMyLife,KennyRogers,1980,all,plagal,plagal,plagal,plagal,plagal,blues,plagal,blues,blues,blues,subdom,misc,TE-4/5,blues
YouDon'tOwnMe,LesleyGore,1964,all,auth,auth,auth,auth,auth,auth,doowop,doowop,doowop,doowop,doowop,doowop,DW-IV,DW-IV
YouMakeMeFeelLikeDancing,LeoSayer,1977,all,auth,D5,A5D5,D5,D5,D5,D5,D5,D5,D5,D5,D5,DW-II,DW-II
YoungHeartsRunFree,CandiStaton,1976,all,auth,plagal,plagal,tonic,tonic,tonic,tonic,tonic,tonic,TL1,tonic,tonic,X-IVorV-I,I-IVorV-I
YourLoveHasLiftedMeHigher,RitaCoolidge,1977,all,plagal,auth,D5,modal,misc,misc,D5noV,misc,D5noV,I-II-I,D5noV,I-II-I,I-II-I,I-II-I
YouTookTheWordsRightOutOfMyMouth,MeatLoaf,1978,all,auth,auth,auth,tonic,tonic,tonic,tonic,X-V-I,tonic,class,X-V-I,misc,TE-4/5,IV-V-I
YvonneElliman,IfICan'tHaveYou,1978,all,plagal,plagal,plagal,plagal,plagal,DP,DP,DP,DP,DP/251,DP,DP,DP,DP
