song,artist,year,meter,cluster15,cluster6
IDon'tmind,JamesBrown,1961,6/8,2,3
You'vegotaFriend,RobertaFlackandDonnyHathaway,1971,4/4,8,0
TheRose,BetteMidler,1980,4/4,11,2
AnInnocentMan,BillyJoel,1984,4/4,11,2
Lookin'forLove,JohnnyLee,1980,4/4,13,1
LastChild,Aerosmith,1976,4/4,3,1
SheBop,CyndiLauper,1984,4/4,5,5
KissOnMyList,Hall&Oates,1981,4/4,5,5
Here'sSomeLove,TanyaTucker,1976,4/4,11,2
JustCan'tWait,TheJ.GeilsBand,1980,4/4,4,2
NeverMyLove,The5thDimension,1971,4/4,10,1
AndSheWas,TalkingHeads,1985,4/4,3,1
Chicago,GrahamNash,1971,4/4,5,5
SwingTalkin'Guy,Chiffons,1966,4/4,13,4
Rock'n'RollFantasy,BadCompany,1979,4/4,5,5
TheJoker,SteveMillerBand,1973,4/4,14,1
IndianaWantsMe,RDeanTayloy,1970,4/4,6,0
CrazyOnYou,Heart,1978,4/4,5,5
YvonneElliman,IfICan'tHaveYou,1978,4/4,10,1
JimiHendrix,Freedom,1971,4/4,3,5
FoggyMountainBreakdown,Flatt&Scruggs,1968,4/4,0,4
It'sOnlyRockandRoll(ButILikeIt),RollingStones,1974,4/4,3,1
ThePower,Snap,1990,4/4,4,4
AbsolutelyRight,FiveManElectricalBand,1971,4/4,1,3
TwoHearts,PhilCollins,1989,4/4,6,2
SomeLikeItHot,ThePowerStation,1985,4/4,5,5
I'llTakeYouThere,TheStapleSingers,1972,4/4,11,2
People,BarbaraStreisand,1964,4/4,7,0
LoveMeDo,Beatles,1964,4/4,3,1
Carrie,CliffRichard,1980,4/4,12,5
OverTheHillsandFarAway,LedZeppelin,1973,4/4,1,4
LastKiss,J.FrankWilson&TheCavaliers,1964,4/4,0,2
SmokingGun,TheRobertCrayBand,1987,4/4,3,1
ILoveYouSo,BobbiMartin,1965,4/4,8,0
IsThatAllThereIs,PeggyLee,1969,3/4,1,4
IPutASpellOnYou,CreedenceClearwaterRevival,1968,12/8,11,4
HurtsToBeInLove,GinoVanelli,1985,4/4,12,5
CrySoftlyLonelyOne,RoyOrbison,1967,4/4,2,3
DoYouLoveMe,TheContours,1988,4/4,11,2
BongoStomp,LittleJoey&TheFlips,1962,4/4,0,2
BlackCars,GinoVannelli,1985,4/4,3,1
HotFunInTheSummertime,Sly&TheFamilyStone,1969,4/4,4,3
ParadisebytheDashboardLight,Meatloaf,1978,4/4,13,2
GetTogether,TheYoungbloods,1969,4/4,11,2
NowhereToRun,MarthaReeves&TheVandellas,1965,4/4,10,1
Drivin'Wheel,Foghat,1977,4/4,10,1
Reminiscing,LittleRiverBand,1978,4/4,8,0
DialMyHeart,TheBoys,1988,4/4,4,3
ColdSweat-Part1,JamesBrown,1967,4/4,12,5
YouCanCallMeAl,PaulSimon,1986,4/4,4,2
RedRedWine,UB40,1984,4/4,11,1
IJustCan'tStopLovingYou,MichaelJackson,1987,4/4,4,4
SpaceOddity,DavidBowie,1973,4/4,12,5
BuyForMeTheRain,NittyGrittyDirtBand,1967,4/4,12,5
FireAndIce,PatBenetar,1981,4/4,5,5
True,SpandauBallet,1983,4/4,0,2
ShocktheMonkey,PeterGabriel,1982,4/4,12,5
WildHorses,RollingStones,1971,4/4,14,1
MotownPhilly,BoyzIIMen,1991,4/4,11,2
ATrickOfTheNight,Bananarama,1987,4/4,5,5
MaggieMay,RodStewart,1971,4/4,6,0
ALessoninLeavin,DottieWest,1980,4/4,13,2
ForTheGoodTimes,RayPrice,1970,4/4,2,3
WeTwo,LittleRiverBand,1983,4/4,14,1
TheSpiritofRadio,Rush,1980,4/4,13,4
If,Bread,1971,4/4,1,4
SweetHomeAlabama,LynyrdSkynyrd,1974,4/4,14,1
Mabelleamie,Theteeset,1970,4/4,7,0
EightMilesHigh,TheByrds,1966,4/4,6,5
LetterFullofTears,GladysKnight&ThePips,1962,4/4,13,2
SunshineofYourLove,Cream,1968,4/4,10,1
SweetLittleRockN'Roll,ChuckBerry,1958,4/4,14,1
LetItRain,EricClapton,1972,4/4,10,1
StandByMe,"DavidRuffin,JimmyRuffin",1970,4/4,0,2
BeMyBaby,TheRonettes,1963,4/4,9,0
HaveYouEverLovedSomebody,FreddieJackson,1987,4/4,14,5
SilentNight,BingCrosby,1960,3/4,1,4
Promises,EricClapton,1978,4/4,1,4
WillieNelson,BlueEyesCryin',1975,4/4,1,4
StoptheWedding,EttaJames,1962,12/8,11,1
Brandy,LookingGlass,1972,4/4,10,1
TumblingDice,TheRollingStones,1972,4/4,11,4
Iwouldn'tHaveMisseditForTheWorld,RonnieMilsap,1981,4/4,8,0
DetroitCity,BobbyBare,1963,4/4,1,4
IHadTooMuchToDream,ElectricPrunes,1967,4/4,3,1
TheWayYouDoTheThingsYouDo,UB40,1990,4/4,14,1
LaGrange,ZZTop,1974,4/4,3,5
RunaroundSue,Dion,1961,4/4,0,2
Wheels,TheString-A-Longs,1961,4/4,4,4
SpiritsInTheMaterialWorld,ThePolice,1982,4/4,12,5
JustWhenINeededYouMost,RandyVanwarmer,1979,4/4,1,4
What'sLoveGotToDoWithIt,TinaTurner,1984,4/4,12,5
WalkRightBack,TheEverlyBrothers,1961,4/4,4,5
LonelyEyes,RobertJohn,1980,4/4,13,1
ForeverMan,EricClapton,1985,4/4,5,5
SleepWalk,Santo&Johnny,1959,6/8,0,2
SomethingAboutYou,Level42,1986,4/4,6,5
LittleSister,ElvisPresley,1961,4/4,1,4
Ifyouneedme,SolomonBurke,1963,4/4,1,4
SweetNothin's,BrendaLee,1960,4/4,14,1
NoCharge,MelbaMontgomery,1974,3/4,1,4
TheAnimals,SanFranciscanNights,1967,4/4,3,5
DonGibson,SeaofHeartbreak,1961,4/4,0,2
GoldenEarring,TwilightZone,1983,4/4,6,4
I'veGotLoveOnMyMind,NathalieCole,1977,4/4,6,5
YouCan'tJudgeABookByTheCover,BoDiddley,1962,4/4,14,1
GordonLightfoot,Beautiful,1972,4/4,3,1
NakedEyes,AlwaysSomethingTheretoRemindMe,1983,4/4,6,1
Annie'sSong,JohnDenver,1974,3/4,9,2
Chiquitita,ABBA,1979,4/4,1,1
AlwaysonMyMind,PetShopBoys,1988,4/4,14,2
JustADream,JimmyClanton,1958,12/8,1,4
HelpIsOnTheWay,LittleRiverBand,1977,4/4,14,1
IWantYouToWantMe,CheapTrick,1979,4/4,10,1
NeverCanSayGoodbye,GloriaGaynor,1975,4/4,9,3
PeopleGotToBeFree,TheRascals,1968,4/4,13,4
Unforgettable,DinahWashington,1959,12/8,3,0
ShadowDancing,AndyGibb,1978,4/4,11,5
WillieAndTheHandJive,EricClapton,1974,4/4,1,4
Schoool'sout,AliceCooper,1972,4/4,3,0
LoveMeWarmAndTender,PaulAnka,1962,4/4,6,5
AlongComesAWoman,Chicago,1985,4/4,13,2
CouldIHaveThisDance,AnneMurray,1980,3/4,9,3
LoveTrain,TheO'Jays,1973,4/4,9,0
"WonderfulWorld,BeautifulPeople",JimmyCliff,1969,4/4,13,4
IWantToTakeYouHigher,Ike&TinaTurner,1970,4/4,3,5
Pressure,BillyJoel,1983,4/4,0,2
MaybeI'mAmazed,PaulMcCartney,1977,4/4,10,3
BackintheHighLifeAgain,SteveWinwood,1987,4/4,1,4
AnotherRainyDayinNewYorkCity,Chicago,1976,4/4,8,0
AlreadyGone,TheEagles,1974,4/4,14,1
She'sALady,TomJones,1971,4/4,6,0
It'sGonnaWorkOutFine,Ike&TinaTurner,1961,4/4,1,4
Comin'HomeBaby,MelTorme,1962,4/4,12,5
TheRightTime,RayCharles,1959,4/4,14,1
MagicMan,Heart,1976,4/4,12,5
Doyourthing,IsaacHayes,1972,4/4,3,5
Jessie'sGirl,RickSpringfield,1981,4/4,0,2
Fernando,Abba,1976,4/4,7,0
Ramblin'Rose,NatKingCole,1962,4/4,1,3
FeelLikeMakingLove,RobertaFlack,1974,4/4,7,0
ForOl'TimesSake,ElvisPresley,1973,4/4,1,3
WannaBeStartin'Somethin',MichaelJackson,1983,4/4,6,5
Galveston,GlenCampbell,1969,4/4,9,2
PromisesInTheDark,PatBenatar,1981,4/4,13,1
StillCruisin,TheBeachBoys,1989,4/4,2,3
HonkyTonkWomen,TheRollingStones,1969,4/4,1,3
"KnowingMe,KnowingYou",ABBA,1977,4/4,11,2
LifeIsACarnival,TheBand,1971,4/4,3,1
BackHomeAgain,JohnDenver,1974,4/4,11,2
"Tonight,Tonight,Tonight",Genesis,1987,4/4,5,5
YouDecoratedMyLife,KennyRogers,1980,4/4,13,1
SailOnSailor,TheBeachBoys,1975,4/4,5,5
JustTheWayYouAre,BillyJoel,1978,4/4,1,4
WhiteChristmas,BingCrosby,1962,4/4,1,3
BecauseILoveYou,StevieB,1991,4/4,8,4
"HaveYouSeenYourMother,Baby,StandingInTheShadow?",TheRollingStones,1966,4/4,1,4
ItAmazesMe,JohnDenver,1978,4/4,4,4
RhinestoneCowboy,GlenCampbell,1975,4/4,14,1
I'dLoveToChangeTheWorld,TenYearsAfter,1971,4/4,1,4
OldTimeRock&Roll,BobSeger,1979,4/4,11,2
HandyMan,JimmyJones,1960,4/4,0,2
ThemeFromElectricSurfboard,BrotherJackMcDuff,1969,4/4,3,5
LoveCameToMe,Dion,1962,4/4,0,2
SanctifyYourself,SimpleMinds,1986,4/4,3,1
Smokin'InTheBoysRoom,Brownsvillestation,1973,4/4,14,1
ShapeOfThingsToCome,MaxFrost&TheTroopers,1968,4/4,1,4
DontTreatMeBad,Firehouse,1991,4/4,9,2
BornToBeAlive,PatrickHernandez,1979,4/4,12,5
In-A-Gadda-Da-Vida,IronButterfly,1968,4/4,2,3
Dandelion,RollingStones,1967,4/4,6,5
(LastNight)IDidn'tGetToSleepAtAll,The5thDimension,1972,4/4,0,2
WorriedGuy,JohnnyTillotson,1964,4/4,0,2
TimeForMeToFly,REOSpeedwagon,1980,4/4,14,1
Money,PinkFloyd,1973,7/4,3,1
InMyRoom,TheBeachBoys,1963,4/4,7,0
AddictedtoLove,RobertPalmer,1986,4/4,10,1
Patches,ClarenceCarter,1970,4/4,9,0
WaitingOnAFriend,RollingStones,1982,4/4,0,2
ItTakesTwo,MarvinGaye&KimWeston,1967,4/4,12,5
There'stheGirl,Heart,1988,4/4,5,5
GottaServeSomebody,BobDylan,1979,4/4,14,1
TheseBootsAreMadeForWalkin',NancySinatra,1966,4/4,3,1
AsUsual,BrendaLee,1964,4/4,4,3
GuitarMan,ElvisPresley,1968,4/4,1,4
LongDarkRoad,TheHollies,1972,4/4,1,1
EveryLittleThingSheDoesIsMagic,ThePolice,1981,4/4,11,2
Mr.Bojangles,JerryJeffWalker,1968,3/4,9,0
Lyin'Eyes,Eagles,1975,4/4,1,3
That'stheWayIFeelAboutCha,BobbyWomack,1971,4/4,2,3
HereIGoAgain,Whitesnake,1987,4/4,14,0
DoYouWantToKnowASecret,TheBeatles,1964,4/4,9,3
BreakItToMeGently,JuiceNewton,1982,12/8,6,0
TheHumptyDance,DigitalUnderground,1990,4/4,3,5
InTheNavy,VillagePeople,1979,4/4,2,3
Cruisin',SmokeyRobinson,1980,4/4,6,4
YouCan'tRollerSkateInABuffaloHerd,RogerMiller,1966,4/4,1,3
AllThroughTheNight,CyndiLauper,1984,4/4,4,3
TheOtherGuy,LittleRiverBand,1983,4/4,14,1
DaydreamBeliever,AnneMurray,1980,4/4,7,0
IGotYou(IFeelGood),JamesBrown,1965,4/4,14,1
ComeAndGetYourLove,Redbone,1974,4/4,7,0
DreamPolice,CheapTrick,1979,4/4,14,1
IWantYou,MarvinGaye,1976,4/4,11,4
FloyJoy,TheSupremes,1972,4/4,6,2
BirdDog,TheEverlyBrothers,1958,4/4,1,4
WhenWillIBeLoved,LindaRonstadt,1975,4/4,11,2
LetMeGetToKnowYou,PaulAnka,1974,4/4,11,2
MyBoy,ElvisPresley,1975,4/4,4,3
WhereDoYouWannaGo,TheFifthDimension,1967,4/4,3,1
JungleBoogie,KoolandtheGang,1974,4/4,3,5
SomebodysWatchingMe,Rockwell,1984,4/4,5,5
YourLoveHasLiftedMeHigher,RitaCoolidge,1977,4/4,6,5
ThroughTheYears,KennyRogers,1981,4/4,8,0
DeeperShadeOfSoul,UrbanDanceSquad,1991,4/4,11,1
Easy,TheCommodores,1977,4/4,10,1
IfIWereYourWoman,GladysNight&ThePips,1971,4/4,3,1
DooDooDooDooDoo,TheRollingStones,1974,4/4,3,1
LivingItDown,FreddyFender,1976,4/4,1,3
Sunflower,GlenCampbell,1977,4/4,1,4
TheBest,TinaTurner,1989,4/4,0,2
RollOnDownTheHighway,Bachman-TurnerOverdrive,1975,4/4,5,5
GoodVibrations,MarkyMark&TheFunkyBunch,1991,4/4,12,5
ICan'tDrive55,SammyHagar,1984,4/4,14,1
PhiladelphiaFreedom,EltonJohn,1975,4/4,1,4
"IRise,IFall",JohnnyTillotson,1964,4/4,0,2
DumDum,BrendaLee,1961,4/4,1,4
Superman,DonnaFargo,1973,4/4,14,1
JustLikeHeaven,TheCure,1988,4/4,14,1
ThisSong,GeorgeHarrison,1977,4/4,8,0
EvilWays,Santana,1970,4/4,1,4
Feelin'StrongerEveryDay,Chicago,1973,4/4,2,3
UndercoverAngel,AlanO'Day,1977,4/4,1,4
KindOfADrag,TheBuckinghams,1967,4/4,2,3
KissesOnTheWind,NenehCherry,1989,4/4,12,5
LosingYou,BrendaLee,1963,12/8,7,0
ScarletFever,KennyRogers,1983,4/4,11,4
ICan'tStandTheRain,AnnPeebles,1973,4/4,1,3
BestThingThatEverHappenedToMe,GladysKnight&ThePips,1974,4/4,7,0
HocusPocus,Focus,1973,4/4,4,3
WhereTheStreetsHaveNoNames,PetShopBoys,1991,4/4,6,5
SunshineSuperman,Donovan,1966,4/4,14,1
Ifyoulovesomebodysetthemfree,Sting,1985,4/4,3,1
HoldOn,WilsonPhillips,1990,4/4,13,2
IReallyDon'tWantToKnow,ElvisPresley,1970,3/4,13,2
TimeIsOnMySide,RollingStones,1964,12/8,9,0
Tenderness,GeneralPublic,1984,4/4,14,1
YoungHeartsRunFree,CandiStaton,1976,4/4,1,4
It'sYourThing,TheIsleyBrothers,1969,4/4,3,1
Misunderstanding,Genesis,1980,4/4,2,3
HereComeThoseTearsAgain,JacksonBrowne,1977,4/4,0,2
Fever,PeggyLee,1958,4/4,4,4
KozmicBlues,JanisJoplin,1969,6/8,1,4
OneNight,ElvisPresley,1959,12/8,1,4
WomanToWoman,ShirleyBrown,1975,4/4,0,5
TheGoonies`RGoodEnough,CyndiLauper,1985,4/4,0,2
INeverLovedAMan,ArethaFranklin,1967,3/4,1,4
He'sARebel,TheCrystals,1962,4/4,9,3
Amie,PurePrairieLeague,1975,4/4,10,3
Jimmy'sGirl,JohnnyTillotson,1961,4/4,2,3
SundayMorningSunshine,HarryChapin,1972,4/4,2,3
Someone,TheRembrandts,1991,4/4,14,1
GoldenYears,DavidBowie,1976,4/4,12,5
"(You'reSoSquare)Baby,IDon'tCare",JoniMitchell,1982,4/4,1,4
ChainOfFools,ArethaFranklin,1967,4/4,3,5
BlowAway,GeorgeHarrison,1979,4/4,0,2
PinballWizard,TheWho,1969,4/4,6,3
SeeSeeRider,LaVernBaker,1963,4/4,14,1
ImGoinDown,BruceSpringsteen,1985,4/4,14,1
BluebirdsOverTheMountain,TheBeachBoys,1969,4/4,9,3
PutYourHandInTheHand,Ocean,1971,4/4,7,0
IWantaNewDrug,HueyLewis&TheNews,1984,4/4,10,1
OneBadApple,TheOsmonds,1971,4/4,9,3
IfICouldReachYou,The5thDimension,1972,4/4,13,1
WhereOrWhen,Dion,1960,4/4,0,2
RubyBaby,Dion,1963,4/4,14,1
WorldInMyEyes,DepecheMode,1990,4/4,3,1
BetterThings,TheKinks,1981,4/4,9,0
OldDays,Chicago,1975,4/4,2,3
Jump(forMyLove),ThePointerSisters,1984,4/4,12,5
GotItMade,CrosbyStillsandNash,1989,4/4,10,4
Don'tSayYouLoveMe,BillySquier,1989,4/4,3,1
WalkOnTheWildSide(Part1),JimmySmith,1962,12/8,1,4
WithaLittleLuck,PaulMcCartney,1978,4/4,3,1
NotFadeAway,RollingStones,1964,4/4,3,1
OnBroadway,TheDrifters,1963,4/4,3,1
SeasonsOfTheHeart,JohnDenver,1982,4/4,11,4
FleshForFantasy,BillyIdol,1984,4/4,12,5
GiveToLive,SammyHagar,1987,4/4,9,2
LittleBitO'Soul,TheMusicExplosion,1967,4/4,11,2
Ain'tTooProudToBeg,TheTemptations,1966,4/4,3,1
InYourSoul,CoreyHart,1988,4/4,6,1
SweetMusicMan,KennyRogers,1978,4/4,1,3
ComeTogether,TheBeatles,1969,4/4,14,1
SilverThreadsAndGoldenNeedles,TheCowsills,1969,4/4,14,1
IAdoreMiAmor,ColorMeBadd,1991,4/4,1,4
Carrie-Anne,TheHollies,1967,4/4,1,4
OneLastKiss,J.GeilsBand,1978,4/4,5,5
Wendy,TheBeachBoys,1964,4/4,8,0
GiveItToMeBaby,RickJames,1981,4/4,12,5
"Baby,BabyDon'tCry",TheMiracles,1969,4/4,10,1
I'mInLove,"Evelyn""Champagne""King",1981,4/4,2,3
RightPlaceWrongTime,Dr.John,1973,4/4,3,1
HeartinHand,BrendaLee,1962,4/4,7,0
RichGirl,HallandOates,1977,4/4,8,4
MyThang,JamesBrown,1974,4/4,1,4
Don'tstandsoclosetome,Police,1981,4/4,3,5
IDon'tNeedYou,KennyRogers,1981,4/4,9,3
CityInTheSky,TheStapleSingers,1974,4/4,14,1
TheBattleOfNewOrleans,JohnnyHorton,1959,4/4,11,2
LastDance,DonnaSummer,1978,4/4,8,0
I'veBeenLovingYouTooLong(ToStopNow),OtisRedding,1965,6/8,4,4
AftertheLovin',EngelbertHumperdinck,1977,6/8,7,0
Still,Commodores,1980,4/4,11,2
HowBlueCanYouGet,B.B.King,1964,4/4,1,4
OhMyAngel,BerthaTillman,1962,6/8,6,5
GoingToAGo-Go,TheRollingStones,1982,4/4,3,5
FoolThatIAm,EttaJames,1961,4/4,2,3
ThoseLazy-Hazy-CrazyDaysOfSummer,NatKingCole,1963,4/4,8,0
YearsAgo,GeorgeHarrison,1981,4/4,7,0
Suite:JudyBlueEyes,"Crosby,Stills&Nash",1969,4/4,14,1
PrivateDancer,TinaTurner,1985,4/4,9,3
TrampledUnderFoot,LedZeppelin,1975,4/4,5,5
LoveComesQuickly,PetShopBoys,1986,4/4,5,5
CrystalBluePersuasion,TommyJames,1969,4/4,6,1
ThisHouse,TracieSpencer,1990,4/4,12,5
RunningUpThatHill,KateBush,1985,4/4,5,5
BabyYou'reRight,JamesBrown,1961,4/4,1,4
StopThisGame,CheapTrick,1980,4/4,11,2
WithYouI'mBornAgain,BillyPreston,1979,3/4,9,3
WakeMeUpBeforeYouGo-Go,Wham!,1984,4/4,6,4
IfICanDream,ElvisPresley,1968,12/8,0,2
RedneckFriend,JacksonBrowne,1973,4/4,0,2
DiscoInferno,TheTrammps,1977,4/4,1,4
AlmostbyBeingInLove,MichaelJohnson,1978,4/4,5,5
DoubleShot(OfMyBaby'sLove),Swingin'Medallions,1966,4/4,0,2
ShakeYourGrooveThing,PeachesandHerb,1978,4/4,6,3
Maniac,MichaelSembello,1983,4/4,5,5
WalkRightIn,TheMoments,1963,4/4,7,0
Surrender,CheapTrick,1978,4/4,12,5
BabyI'mBurnin',DollyParton,1979,4/4,3,1
Cecilia,Simon&Garfunkel,1970,4/4,14,1
Boulevard,JacksonBrowne,1980,4/4,14,1
Judy,ElvisPresley,1967,4/4,4,3
TheLook,Roxette,1989,4/4,12,5
DanceAway,Roxy,1979,4/4,0,2
SixDaysOnTheRoad,DaveDudley,1963,4/4,1,4
QuarterToThree,GaryU.S.Bonds,1961,4/4,0,2
"TarzanBoy(From""TeenageMutantNinjaTurtlesIII"")",Baltimora,1986,4/4,0,2
"OhMe,OhMy(DreamsInMyArms)",AlGreen,1975,4/4,3,1
Let'sworkTogether,CannedHeat,1970,4/4,14,1
GivingYoutheBestThatIGot,AnitaBaker,1989,4/4,13,2
HeartFullofSoul,TheYardbirds,1965,4/4,14,1
IFoundALove,TheFalcons,1962,12/8,3,1
IDon'tBlameYouAtAll,TheMiracles,1971,4/4,14,1
Amor,BenE.King,1961,4/4,4,3
TooWeakToFight,ClarenceCarter,1968,4/4,14,1
UnchainedMelody,TheRighteousBrothers,1965,12/8,0,2
WeAreTheChampions,Queen,1978,4/4,9,2
SouthernCross,"Crosby,Stills&Nash",1982,4/4,10,1
Talktome,ChicoDeBarge,1987,4/4,6,5
TheLongRun,Eagles,1980,4/4,3,1
Allshewantsis,DuranDuran,1989,4/4,3,5
Situation,Yaz,1982,4/4,12,5
WishSomeoneWouldCare,IrmaThomas,1964,4/4,0,2
HeyStoopid,AliceCooper,1991,4/4,5,5
ICanHelp,BillySwan,1974,12/8,10,4
TheThrillIsGone,B.B.King,1970,4/4,1,4
ILove,TomDHall,1973,4/4,1,4
EverlastingLove,CarlCarlton,1974,4/4,6,0
HardenMyHeart,Quarterflash,1982,4/4,12,5
RocketRide,Kiss,1978,4/4,2,3
Iwanttotakeyouhigher,SlyAndTheFamilyStone,1969,4/4,4,4
HotChildintheCity,NickGilder,1978,4/4,11,4
Simon&Garfunkel,Mrs.Robinson,1968,4/4,0,2
HisLatestFlame,ElvisPresley,1961,4/4,0,2
EverybodyLovesSomebody,DeanMartin,1964,4/4,7,0
IfICouldBuildMyWholeWorldAroundYou,MarvinGaye&TammyTerrell,1967,4/4,3,1
TwistingtheNightAway,RodStewart,1987,4/4,0,2
GhostbustersTheme,RayParkerJr,1984,4/4,10,1
It'sOnlyMakeBelieve,GlenCampbell,1970,4/4,0,2
HigherGround,StevieWonder,1973,12/8,3,1
NickofTime,BonnieRaitt,1990,4/4,8,0
BeatIt,MichaelJackson,1983,4/4,12,5
IfYoureallyloveme,StevieWonder,1971,4/4,8,0
Maneater,DarylHall&JohnOates,1983,4/4,12,5
BrassMonkey,BeastieBoys,1987,4/4,3,5
LittleOldLadyFromPasadena,Jan&Dean,1964,4/4,1,4
HumanNature,MichaelJackson,1983,4/4,9,3
OutOfMyMind,JohnnyTillotson,1963,4/4,11,4
Think,JamesBrown,1973,4/4,1,4
ThePeopleInMe,TheMusicMachine,1967,4/4,11,2
(Sittin'On)TheDockOfTheBay,OtisRedding,1968,4/4,6,5
CaughtUpInTheRapture,AnitaBaker,1987,4/4,9,0
WhatHaveIDoneToDeserveThis?,PetShopBoys,1988,4/4,6,5
StonedLove,TheSupremes,1970,4/4,6,0
HelloDolly,LouisArmstrong,1964,4/4,7,0
It'sRainingMen,TheWeatherGirls,1983,4/4,11,2
TaintedLove,SoftCell,1982,4/4,3,1
Sunrise,EricCarmen,1976,4/4,7,0
YearsFromNow,Dr.Hook,1980,3/4,9,3
AskMe,ElvisPresley,1964,12/8,7,0
LookingForALove,TheJ.GeilsBand,1972,4/4,14,1
He'ssoshy,PointerSisters,1980,4/4,1,4
BigYellowTaxi,JoniMitchell,1975,4/4,3,1
SilentLucidity,Queensryche,1991,4/4,0,2
Heaven'sJustASinAway,TheKendalls,1977,4/4,1,3
BabyWorkout,JackieWilson,1963,4/4,14,1
SugarShack,TheFireballs,1963,4/4,3,1
WithALittleHelpFromMyFriends,JoeCocker,1968,4/4,10,3
Don'tKnockMyLove-Pt.1,WilsonPickett,1971,4/4,3,5
ChainedAndBound,OtisRedding,1964,4/4,1,4
WithOrWithoutYou,U2,1987,4/4,14,1
ThatGirl,StevieWonder,1982,4/4,1,3
NeedYouTonight,INXS,1988,4/4,1,4
OnTheRoadAgain,CannedHeat,1968,4/4,3,1
"TheAnaheim,Azusa&CucamongaSewingCircle,BookReviewAndTimingAssociation",Jan&Dean,1964,4/4,3,5
QueenOfHearts,JuiceNewton,1981,4/4,11,4
TellItLikeItIs,TheNevilleBrothers,1966,12/8,9,3
TooManyRivers,BrendaLee,1965,4/4,7,0
PeopleGetReady,JeffBeck,1985,4/4,7,3
Heartaches,Bachman-TurnerOverdrive,1979,4/4,10,1
DoesAnybodyReallyKnowWhatTimeItIs,Chicago,1970,4/4,1,5
WhiteWedding,BillyIdol,1983,4/4,10,1
BabyDon'tChangeYourMind,GladysKnight&ThePips,1977,4/4,14,1
LivingInThePast,JethroTull,1972,5/4,3,3
ThisShouldGoOnForever,RodBernard,1959,4/4,4,4
SaraSmile,DarylHall&JohnOates,1976,4/4,5,5
SomeDaysAreDiamonds(SomeDaysAreStone),JohnDenver,1981,4/4,7,0
Ko-KoJoe,JerryReed,1971,4/4,1,4
Lady(YouBringMeUp),Commodores,1981,4/4,12,5
RockyMountainHigh,JohnDenver,1972,4/4,11,2
WhereAreYou,DinahWashington,1962,4/4,8,0
MaybeTomorrow,Badfinger,1969,4/4,7,0
WouldItMakeAnyDifferenceToYou,EttaJames,1963,12/8,11,2
EightDaysAWeek,TheBeatles,1965,4/4,3,1
BreakingUpIsHardToDo,NeilSedaka,1976,4/4,7,0
PrettyInPink,PsychedelicFurs,1986,4/4,9,3
Lucille,KennyRogers,1977,3/4,9,3
IWill,DeanMartin,1965,4/4,4,4
Getaway,EarthWindandFire,1976,4/4,11,2
DoIDo,StevieWonder,1982,4/4,11,2
LivingDoll,CliffRichard,1959,4/4,2,3
LoveIsABattlefield,PatBenatar,1983,4/4,12,5
OneWayorAnother,Blondie,1979,4/4,13,2
ThatOldBlackMagic,LouisPrima&KeelySmith,1958,4/4,8,0
BabyCanIHoldYou,TracyChapman,1989,4/4,4,3
CryingTime,RayCharles,1965,4/4,9,3
DyerMaker,LedZepplin,1973,4/4,0,2
Levon,EltonJohn,1971,4/4,13,1
ComeMonday,JimmyBuffett,1974,4/4,13,2
WalkLikeAMan,GrandFunkRailroad,1973,4/4,10,1
TheNightChicagoDied,PaperLace,1974,4/4,2,3
Hair,TheCowsills,1969,4/4,5,5
Press,PaulMcCartney,1986,4/4,8,2
IWantToWalkYouHome,FatsDomino,1959,12/8,14,1
WalkingInMemphis,MarcCohn,1991,4/4,0,2
RescueMe,FontellaBass,1965,4/4,11,4
AVerySpecialLoveSong,CharlieRich,1974,4/4,6,0
SoulAndInspiration,TheRighteousBrothers,1966,4/4,13,2
TheWaysOfAWomanInLove,JohnnyCash,1958,4/4,1,4
LastDate,FloydCramer,1960,4/4,1,4
HeyBaby,BruceChannel,1962,4/4,7,0
EverybodyLovesMebutYou,BrendaLee,1962,12/8,12,5
HungryEyes,EricCarmen,1988,4/4,9,0
AlmostGrown,ChuckBerry,1959,4/4,14,1
MyWay,ElvisPresley,1978,4/4,3,0
CatchMyFall,BillyIdol,1985,4/4,4,0
"You'reTheFirst,TheLast,MyEverything",BarryWhite,1974,4/4,8,0
IDon'tLoveYouAnymore,TeddyPendergrass,1977,4/4,6,5
StraightFromTheHeart,TheAllmanBrothers,1981,4/4,1,3
ThemeFromTheDukesOfHazzard,WaylonJennings,1980,4/4,1,4
TrueColors,CyndiLauper,1986,4/4,6,4
September,"Earth,Wind&Fire",1979,4/4,1,4
We'reAllAlone,RitaCoolidge,1977,4/4,8,0
YouTookTheWordsRightOutOfMyMouth,MeatLoaf,1978,4/4,13,4
OnTheWingsOfANightingale,TheEverlyBrothers,1984,4/4,1,4
UnskinnyBop,Poison,1990,4/4,10,1
Let'sGetSerious,JermaineJackson,1980,4/4,1,4
SuperFreakPartOne,RickJames,1981,4/4,12,5
CaliforniaNights,LeslieGore,1967,4/4,8,0
BigIron,MartyRobbins,1960,4/4,8,1
BlueJean,DavidBowie,1984,4/4,10,1
MercyMercyMe(TheEcology),MarvinGaye,1971,4/4,7,0
JustLikeJesseJames,Cher,1989,4/4,14,2
ICriedATear,LaVernBaker,1959,12/8,1,4
LovelyDay,BillWithers,1978,4/4,0,2
50WaysToLeaveYourLover,PaulSimon,1976,4/4,1,4
JustAFriend,BizMarkie,1990,4/4,9,3
JourneyToTheCenterOfTheMind,TheAmboyDukes,1968,4/4,11,2
TryingToLiveMyLifeWithoutYou,BobSeger&TheSilverBulletBand,1981,4/4,1,4
SexyEyes,Dr.Hook,1980,4/4,7,0
GoodMorningStarshine,Oliver,1969,4/4,9,3
SweetLove,AnitaBaker,1986,4/4,11,4
Surfin'Safari,TheBeachBoys,1962,4/4,9,3
BornToBeWild,Steppenwolf,1968,4/4,3,1
GoodbyeYellowBrickRoad,EltonJohn,1973,4/4,0,2
IfICouldTurnBackTime,Cher,1989,4/4,9,3
BurningDownTheHouse,TalkingHeads,1983,4/4,3,1
IGotMyMindSetOnYou,GeorgeHarrison,1988,4/4,11,2
SweetSurrender,Bread,1972,4/4,6,2
"Liar,Liar",TheCastaways,1965,4/4,14,1
BadMoonRising,CreedenceClearwaterRevival,1969,4/4,14,1
ISawHerStandingThere,TheBeatles,1964,4/4,1,4
ILikeTheWay(TheKissingGame),Hi-Five,1991,4/4,12,3
GetUp(IFeelLikeBeingLikeA)SexMachine(Part1),JamesBrown,1970,4/4,3,1
MakeALittleMagic,NittyGrittyDirtBand,1980,4/4,11,2
You'veGotAnotherThingComin',JudasPriest,1982,4/4,10,4
Elvira,OakRidgeBoys,1981,4/4,1,4
Don'tTalkToStrangers,RickSpringfield,1982,4/4,3,5
SecretLove,FreddyFender,1975,4/4,2,3
SheThinksIStillCare,ElvisPresley,1977,4/4,1,4
WalkThisWay,Run-D.M.C.,1986,4/4,3,1
One,Metallica,1989,4/4,5,5
DanceHallDays,WangChung,1984,4/4,14,1
MeMyselfAndI,DeLaSoul,1989,4/4,4,4
DontYouKnowWhatTheNightCanDo,SteveWinwood,1988,4/4,12,5
Let'sGoGetStoned,RayCharles,1966,4/4,0,2
HappyJack,TheWho,1967,4/4,11,2
War,EdwinStarr,1970,4/4,3,5
OnAndOnAndOn,Abba,1981,4/4,3,1
ADreamGoesOnForever,ToddRundgren,1974,4/4,8,0
ICan'tStandIt,EricClapton,1981,4/4,14,1
IWishItWouldRain,TheTemptations,1968,4/4,14,1
CountryRoad,JamesTaylor,1971,4/4,10,3
HoneyHoney,ABBA,1974,4/4,1,2
TillTheEndOfTheDay,TheKinks,1966,4/4,12,5
TeachYourChildren,"Crosby,Stills&Nash",1970,4/4,1,4
GirlYouKnowItsTrue,MilliVanilli,1989,4/4,5,5
IfNotYou,Dr.Hook,1977,4/4,9,2
SweetCaroline(GoodTimesNeverSeemedSoGood),BobbyWomack,1972,4/4,1,4
ALoveSong,AnneMurray,1974,4/4,2,3
HotInTheCity,BillyIdol,1982,4/4,0,2
TheBestDiscoInTown,TheRitchieFamily,1976,4/4,0,2
Perfidia,TheVentures,1960,4/4,9,0
"OutOfSight,OutOfMind",LittleAnthony&TheImperials,1969,4/4,9,3
MonyMony,TommyJames,1968,4/4,1,4
DirtyWater,RockAndHyde,1987,4/4,14,1
TreatHerLikeALady,CorneliusBrothers&SisterRose,1971,4/4,3,1
EleanorRigby,RayCharles,1968,4/4,3,1
CryLikeABaby,TheBoxTops,1968,4/4,14,1
LikeARock,BobSeger,1986,4/4,3,1
IFoundATrueLove,WilsonPickett,1968,4/4,1,4
StartingOverAgain,DollyParton,1980,4/4,4,3
RidersOnTheStorm,TheDoors,1971,4/4,12,5
ISecondThatEmotion,TheMiracles,1968,4/4,14,1
Fakinit,Simon&Garfunkel,1967,4/4,6,0
TheTwist,ChubbyChecker,1962,4/4,14,1
AllIEverNeedIsYou,Sonny&Cher,1971,4/4,8,0
Feelin'Satisfied,Boston,1979,4/4,10,1
EyeInTheSky,TheAllanParsonsProject,1982,4/4,12,5
MissYou,TheRollingStones,1978,4/4,3,1
TakeAChanceOnMe,Abba,1978,4/4,0,2
TheStroke,BillySquier,1981,4/4,6,5
HelloHello,TheSopwithCamel,1967,4/4,1,2
SweetSoulMusic,ArthurConley,1967,4/4,14,1
Breezin',GeorgeBenson,1976,4/4,7,0
ComingOnStrong,BrendaLee,1966,4/4,0,2
Don'tAskMeWhy,BillyJoel,1980,4/4,8,3
ModernLove,DavidBowie,1983,4/4,13,1
LittleTooLate,PatBenatar,1983,4/4,11,4
Kokomo(FromTheCocktailSoundtrack),TheBeachBoys,1988,4/4,7,0
TheLookOfLove,IsaacHayes,1971,4/4,12,5
KarmaChameleon,CultureClub,1984,4/4,9,0
Venus,Bananarama,1986,4/4,1,4
HelloStranger,BarbaraLewis,1963,4/4,2,3
DancingMachine,TheJacksons,1974,4/4,3,1
YouMakeMeFeelLikeDancing,LeoSayer,1977,4/4,7,0
ShapesOfThings,TheYardbirds,1966,4/4,4,4
TheBitchIsBack,EltonJohn,1974,4/4,1,4
Nightshift,TheCommodores,1985,4/4,9,2
ThereGoesMyEverything,ElvisPresley,1971,3/4,6,4
Gloria,LauraBranigan,1982,4/4,1,4
Freeze-Frame,J.GeilsBand,1982,4/4,10,1
BabyComeBack,Player,1978,4/4,10,5
ThreeHeartsInATangle,RoyDrusky,1961,3/4,1,4
TheMillionaire,Dr.Hook,1975,4/4,4,3
IDroveAllNight,CyndiLauper,1989,4/4,13,1
AllThisTime,Sting,1991,4/4,1,4
TimeWillReveal,Debarge,1984,4/4,8,0
PlayThatFunkyMusic,WildCherry,1976,4/4,3,5
InTheMidnightHour,WilsonPickett,1965,4/4,14,1
TheArmsOfOrion,Prince&SheenaEaston,1989,6/8,13,3
HeyYou!GetOffMyMountain,TheDramatics,1973,4/4,4,4
SoulDanceNumber3,WilsonPickett,1967,4/4,1,4
BabyWhatYouWantMeToDo,JimmyReed,1960,4/4,1,4
Lucky,GregKihn,1985,4/4,12,5
WeDontNeedAnotherHero(Thunderdome),TinaTurner,1985,4/4,4,2
DownAndOutInNewYorkCity,JamesBrown,1973,4/4,14,1
Goin'Back,TheByrds,1967,4/4,11,2
SugarMagnolia,TheGreatfulDead,1973,4/4,8,4
TownWithout,GenePitney,1961,12/8,11,4
GirlImGonnaMissYou,MilliVanilli,1989,4/4,6,4
LayDownSally,EricClapton,1978,4/4,11,2
ItKeepsRightOnA-Hurtin',JohnnyTillotson,1962,4/4,1,4
OhMeOhMy(I'mAFoolForYouBaby),ArethaFranklin,1972,4/4,11,2
IsThereSomethingIShouldKnow,DuranDuran,1983,4/4,12,5
I'vePassedThisWayBefore,JimmyRuffin,1967,4/4,11,2
CountOnMe,JeffersonStarship,1978,4/4,9,0
Jamie,EddieHolland,1962,4/4,0,2
HookedOnAFeeling,B.J.Thomas,1968,4/4,8,4
MyKindaLover,BillySquier,1982,4/4,0,2
AnotherBrickInTheWall(PartII),PinkFloyd,1980,4/4,3,5
Heartbreaker,PatBenatar,1980,4/4,12,5
IWalkAlone,MartyRobbins,1968,12/8,1,4
MyWishCameTrue,ElvisPresley,1959,4/4,2,3
AfterTheLoveHasGone,"Earth,Wind&Fire",1979,4/4,0,2
Ain'tNoSunshine,BillWithers,1971,4/4,14,1
I'veBeenEverywhere,HankSnow,1962,6/8,1,4
BestOfMyLove,Eagles,1975,4/4,6,4
TuffEnuff,TheFabulousThunderbirds,1986,4/4,3,1
ThisLittleGirl,Dion,1963,4/4,0,2
SadEyes,RobertJohn,1979,4/4,3,1
MyHometown,BruceSpringsteen,1985,4/4,1,4
MustOfGotLost,TheJ.GeilsBand,1974,4/4,14,3
EveryTimeIThinkOfYou,TheBabys,1979,4/4,3,1
RockAndRollNeverForgets,BobSeger,1977,4/4,6,4
BeMyGuest,FatsDomino,1959,4/4,1,4
DevilWoman,CliffRichard,1976,4/4,12,5
CanWeStillBeFriends,ToddRundgren,1978,4/4,5,5
There'llNeverBe,Switch,1978,4/4,8,0
TakeMeDown,Alabama,1982,4/4,6,4
MakeMeSmile,Chicago,1970,4/4,10,1
Don'tLeaveMeThisWay,ThelmaHouston,1977,4/4,12,5
ThereButForFortune,JoanBaez,1965,4/4,8,0
WhoWillYouRunTo,Heart,1987,4/4,14,1
There'sNoOther(LikeMyBaby),TheCrystals,1961,12/8,0,2
Look-KaPyPy,TheMeters,1970,4/4,12,5
(Iwas)BornToCry,Dion,1962,4/4,1,4
RockThisTown,StrayCats,1982,4/4,6,4
WhatYouSeeIsWhatYouGet,TinaTurner,1987,4/4,11,2
BustAMove,YoungMC,1990,4/4,3,1
"Ob-La-Di,Ob-La-Da",TheBeatles',1976,4/4,8,4
Reelin'&Rockin',ChuckBerry,1972,4/4,1,4
LandOf1000Dances,ChrisKenner,1963,4/4,1,4
NeverKnewLoveLikeThisBefore,StephanieMills,1980,4/4,9,0
LonelyWeekends,CharlieRich,1960,4/4,3,1
WichitaLineman,GlenCampbell,1969,4/4,13,1
EbonyEyes,TheEverlyBrothers,1961,3/4,1,4
FunnyGirl,BarbraStreisand,1964,4/4,2,0
WillTheWolfSurvive,LosLobos,1985,4/4,14,1
AHazyShadeOfWinter,SimonAndGarfunel,1966,4/4,12,5
CarryMe,"DavidCrosby,GrahamNash",1975,4/4,14,1
TreatHerRight,RoyHead,1965,4/4,14,1
InvisibleTouch,Genesis,1986,4/4,0,2
OneLessBellToAnswer,The5thDimension,1971,4/4,6,1
MightyGoodLovin',TheMiracles,1961,4/4,14,1
LovingHerWasEasier,KrisKristofferson,1971,4/4,3,1
TornBetweenTwoLovers,MaryMacGregor,1976,4/4,7,0
AreYouSureHankDoneItThisWay,WaylonJennings,1975,4/4,3,1
OhFather,Madonna,1990,4/4,10,1
TalkBackTremblingLips,JohnnyTillotson,1963,4/4,1,3
HardDaysNight,TheBeatles,1964,4/4,1,4
ILoveARainyNight,EddieRabbitt,1981,4/4,11,4
TellMeWhatYouWantMeToDo,TevinCampbell,1991,4/4,4,3
"Abraham,MartinAndJohn",Dion,1968,4/4,14,1
ACowboy'sWorkIsNeverDone,Sonny&Cher,1972,4/4,4,4
IDontWantYourLove,DuranDuran,1989,4/4,10,1
GoingToChicagoBlues,CountBasie,1958,4/4,1,4
TheSoundsOfSilence,Simon&Garfunkel,1965,4/4,4,4
ThinkOfMe,BuckOwens,1966,4/4,11,2
RunningOnEmpty,JacksonBrowne,1978,4/4,14,1
IGotStripes,JohnnyCash,1959,4/4,4,4
Daddy'sHome,CliffRichard,1982,4/4,7,0
MyLove,PaulMcCartney&Wings,1973,4/4,6,0
TenPercent,DoubleExposure,1976,4/4,4,3
RebelYell,BillyIdol,1984,4/4,12,5
OdeToBillieJoe,BobbieGentry,1976,4/4,3,1
"RightHere,RightNow",JesusJones,1991,4/4,1,4
SummertimeBlues,BlueCheer,1968,4/4,11,4
NightMoves,BobSeger,1977,4/4,12,5
LiveToTell,Madonna,1986,4/4,12,5
HappyAnniversary,LittleRiverBand,1978,4/4,3,1
AgainstTheWind,BobSeger,1980,4/4,13,1
IWantYouBack,TheJacksons,1969,4/4,2,3
LuckyMan,"Emerson,Lake&Palmer",1971,4/4,4,4
Kicks,PaulRevere&TheRaiders,1966,4/4,5,5
MyWorldFellDown,Sagittarius,1967,4/4,7,0
ManInTheMirror,MichaelJackson,1988,4/4,14,1
OnlySixteen,Dr.Hook,1976,4/4,9,0
StandingInTheShadowsOfLove,FourTops,1967,4/4,5,5
She'sAWoman,TheBeatles,1964,4/4,14,1
TheYearThatClaytonDelaneyDied,TomT.Hall,1971,4/4,1,4
IWon'tStandInYourWay,StrayCats,1983,12/8,12,5
EchoesOfLove,TheDoobieBrothers,1977,4/4,11,2
ThreeTimesALady,TheCommodores,1978,3/4,6,0
IslandOfLostSouls,Blondie,1982,4/4,0,2
EvenNow,BobSeger,1983,4/4,6,4
LoversWhoWander,Dion,1962,4/4,0,2
YouDon'tOwnMe,LesleyGore,1964,4/4,0,2
BabyDon'tGo,Sonny&Cher,1965,4/4,3,1
IDon'tWantToSpoilTheParty,TheBeatles,1965,4/4,4,3
BehindClosedDoors,CharlieRich,1973,4/4,2,3
GetReady,RareEarth,1970,4/4,3,1
I'llTumble4Ya,CultureClub,1983,4/4,6,3
I'veGotATigerByTheTail,BuckOwens,1965,4/4,11,2
SaturdayNight,BayCityRollers,1975,4/4,13,2
HeavenMustHaveSentYou,BonniePointer,1979,4/4,0,2
Amanda,Boston,1986,4/4,13,4
WillYouLoveMeTomorrow,TheShirelles,1961,4/4,0,2
AliveAgain,Chicago,1978,4/4,1,4
Help!,TheBeatles,1965,4/4,0,2
PaperRoses,MarieOsmond,1973,4/4,7,0
HappyMan,GregKihnBand,1982,4/4,6,1
20-75,WillieMitchell,1964,4/4,1,3
That'sOldFashioned(That'sTheWayLoveShouldBe),TheEverlyBrothers,1962,4/4,9,3
Rock'nMe,SteveMillerBand,1976,4/4,3,1
AllAloneAmI,BrendaLee,1962,6/8,2,3
Abacab,Genesis,1982,4/4,12,5
Lovin'You,MinnieRiperton,1975,4/4,6,1
Lady,KennyRogers,1980,4/4,11,5
ElCondorPasa,Simon&Garfunkel,1970,4/4,3,1
IfIWereACarpenter,BobbyDarin,1966,4/4,10,1
"RockandRoll,HoochieKoo",RickDerringer,1974,4/4,1,4
Frankenstein,EdgarWinter,1973,4/4,1,4
WhoWearsTheseShoes,EltonJohn,1984,4/4,1,4
Lambada,Kaoma,1990,4/4,5,5
SidewalkSurfin',Jan&Dean,1964,4/4,1,4
WeDon'tTalkAnymore,CliffRichard,1979,4/4,13,1
BabyDontForgetMyNumber,MilliVanilli,1989,4/4,12,5
AmericanStorm,BobSeger,1986,4/4,2,3
LetTheMusicPlay,Shannon,1984,4/4,5,5
WhenIt'sLove,VanHalen,1988,4/4,1,4
CrackerboxPalace,GeorgeHarrison,1977,4/4,14,1
UpsideDown,DianaRoss,1980,4/4,12,5
Sukiyaki,ATasteOfHoney,1981,4/4,11,1
JohnnyReb,JohnnyHorton,1959,4/4,1,4
ThereSheGoes,TheLas,1991,4/4,6,2
HappyTogether,TheTurtles,1967,4/4,12,5
He'sSoFine,TheChiffons,1963,4/4,2,3
